0,1,2,3,4,5,6,7,8,9,10,11,12
"[2.0, 'H', 0.4866829700000004, -0.82605723, -0.3097130200000002]","[3.0, 'H', -0.05769332999999932, 0.6156478499999984, -0.7506094400000016]","[84.0, 'H', -1.3183827100000016, -1.6897071100000005, -1.5492828799999998]","[100.0, 'O', 1.0120131599999986, -2.3573219200000004, -0.5588706099999996]","[130.0, 'O', -1.518815889999999, -0.6581776400000017, 2.0718119799999997]","[131.0, 'H', -1.0407427200000008, -0.43984852000000174, 1.224409399999999]","[132.0, 'H', -1.2359156999999996, 0.09451836999999941, 2.6553637099999996]",,,,,,
"[1.0, 'O', -0.4866829700000004, 0.82605723, 0.3097130200000002]","[3.0, 'H', -0.5443762999999997, 1.4417050799999984, -0.4408964200000014]","[84.0, 'H', -1.805065680000002, -0.8636498800000005, -1.2395698599999996]","[100.0, 'O', 0.5253301899999983, -1.5312646900000004, -0.24915758999999937]","[101.0, 'H', 1.1691243799999995, -1.9593095399999996, -0.8820271900000023]","[102.0, 'H', 0.0033858000000002164, -2.294374229999999, 0.10125178999999918]","[131.0, 'H', -1.5274256900000012, 0.38620870999999823, 1.5341224199999992]",,,,,,
"[1.0, 'O', 0.05769332999999932, -0.6156478499999984, 0.7506094400000016]","[2.0, 'H', 0.5443762999999997, -1.4417050799999984, 0.4408964200000014]","[84.0, 'H', -1.2606893800000023, -2.305354959999999, -0.7986734399999982]","[131.0, 'H', -0.9830493900000015, -1.0554963700000002, 1.9750188400000006]",,,,,,,,,
"[5.0, 'H', -0.3444007500000019, 0.11290386000000296, 0.9044736899999997]","[6.0, 'H', 0.44536613, -0.8994186499999977, 0.0027022500000022376]","[88.0, 'O', 1.223375909999998, -2.3513230499999977, -0.28737861999999836]","[160.0, 'O', 2.077523969999998, 1.6156231700000028, -0.2774173900000001]","[161.0, 'H', 1.300013319999998, 0.9924651400000002, -0.16329096999999848]","[185.0, 'H', 0.42263559999999956, -0.18716485999999932, -2.19254952]",,,,,,,
"[4.0, 'O', 0.3444007500000019, -0.11290386000000296, -0.9044736899999997]","[6.0, 'H', 0.789766880000002, -1.0123225100000006, -0.9017714399999974]","[71.0, 'H', -1.7657900699999978, -1.8642867400000007, 1.0438579899999993]","[72.0, 'H', -0.4036012599999985, -1.6889236099999998, 1.818003430000001]","[145.0, 'O', 0.5293237400000024, -0.3876030900000025, 2.472187080000001]","[146.0, 'H', 0.2047382899999981, 0.5678926899999972, 2.4695025400000006]","[147.0, 'H', 1.5088143800000005, -0.40657122, 2.3623530499999994]","[161.0, 'H', 1.6444140699999998, 0.8795612799999972, -1.0677646599999981]",,,,,
"[4.0, 'O', -0.44536613, 0.8994186499999977, -0.0027022500000022376]","[5.0, 'H', -0.789766880000002, 1.0123225100000006, 0.9017714399999974]","[88.0, 'O', 0.7780097799999979, -1.4519044, -0.2900808700000006]","[89.0, 'H', 1.697122959999998, -1.498475580000001, -0.6332082100000029]","[90.0, 'H', 0.29786249, -1.9308019600000002, -0.9927319500000031]","[161.0, 'H', 0.8546471899999979, 1.8918837899999978, -0.16599322000000072]","[185.0, 'H', -0.02273053000000047, 0.7122537899999983, -2.1952517700000023]",,,,,,
"[8.0, 'H', 0.004888730000001118, 0.96205535, -0.21553906000000111]","[9.0, 'H', 0.7705502099999997, -0.45820277999999703, -0.4163014599999997]","[13.0, 'O', 2.1679001000000007, -1.6806404599999993, -0.5675116799999991]","[139.0, 'O', -0.5633169500000008, 2.7358499199999997, -0.3887678000000001]",,,,,,,,,
"[7.0, 'O', -0.004888730000001118, -0.96205535, 0.21553906000000111]","[9.0, 'H', 0.7656614799999986, -1.420258129999997, -0.20076239999999856]","[11.0, 'H', 0.8465599199999971, 2.1869242, -1.16174732]","[139.0, 'O', -0.5682056800000019, 1.7737945699999997, -0.173228739999999]","[140.0, 'H', -0.8497357200000017, 2.17802627, 0.6938889200000027]","[141.0, 'H', -1.3668723600000021, 1.7344440100000007, -0.7464531699999988]",,,,,,,
"[7.0, 'O', -0.7705502099999997, 0.45820277999999703, 0.4163014599999997]","[8.0, 'H', -0.7656614799999986, 1.420258129999997, 0.20076239999999856]","[13.0, 'O', 1.397349890000001, -1.2224376800000023, -0.1512102199999994]","[14.0, 'H', 1.3995136799999983, -2.1085502100000006, 0.2728238800000007]","[15.0, 'H', 2.1507229099999954, -1.1892730500000006, -0.7982305700000012]","[109.0, 'O', -0.3854152199999987, -0.4697042100000033, -2.8876735400000015]",,,,,,,
"[11.0, 'H', -0.8451182000000017, -0.05391177000000269, 0.5178005900000002]","[12.0, 'H', -0.06190383999999938, -0.7169385100000021, -0.7048736399999989]","[16.0, 'O', 1.1332437599999992, 2.0702838099999994, -1.3078501599999974]","[17.0, 'H', 0.5483022899999987, 1.3517041499999998, -0.945085559999999]","[76.0, 'O', -0.09442278999999942, -1.7796916500000002, -2.057713019999998]","[139.0, 'O', -2.2598838000000008, -0.46704140000000294, 1.5063191700000012]","[154.0, 'O', 2.0618937200000005, -0.3875074500000011, 1.6995560900000015]","[155.0, 'H', 1.3110762699999974, -0.26241494000000287, 1.052598660000001]",,,,,
"[8.0, 'H', -0.8465599199999971, -2.1869242, 1.16174732]","[10.0, 'O', 0.8451182000000017, 0.05391177000000269, -0.5178005900000002]","[12.0, 'H', 0.7832143600000023, -0.6630267399999994, -1.222674229999999]","[17.0, 'H', 1.3934204900000005, 1.4056159200000025, -1.4628861499999992]","[139.0, 'O', -1.414765599999999, -0.41312963000000025, 0.9885185800000009]","[140.0, 'H', -1.6962956399999989, -0.008897929999999832, 1.8556362400000026]","[141.0, 'H', -2.2134322799999993, -0.4524801899999993, 0.41529415000000114]","[155.0, 'H', 2.156194469999999, -0.20850317000000018, 0.5347980700000008]",,,,,
"[10.0, 'O', 0.06190383999999938, 0.7169385100000021, 0.7048736399999989]","[11.0, 'H', -0.7832143600000023, 0.6630267399999994, 1.222674229999999]","[17.0, 'H', 0.6102061299999981, 2.068642660000002, -0.24021192000000013]","[76.0, 'O', -0.032518950000000046, -1.062753139999998, -1.352839379999999]","[77.0, 'H', -0.35249181000000007, -1.9640877000000003, -1.0705476000000012]","[78.0, 'H', -0.7861481500000025, -0.7343431699999989, -1.9149017499999985]","[149.0, 'H', 1.7497599699999995, -0.6087547200000003, -1.7272259999999982]","[155.0, 'H', 1.3729801099999968, 0.4545235699999992, 1.7574722999999999]",,,,,
"[7.0, 'O', -2.1679001000000007, 1.6806404599999993, 0.5675116799999991]","[9.0, 'H', -1.397349890000001, 1.2224376800000023, 0.1512102199999994]","[14.0, 'H', 0.0021637899999973342, -0.8861125299999983, 0.4240341000000001]","[15.0, 'H', 0.7533730199999944, 0.033164630000001694, -0.6470203500000018]","[175.0, 'O', 2.263144269999998, 0.37179206000000065, -1.599103460000002]",,,,,,,,
"[9.0, 'H', -1.3995136799999983, 2.1085502100000006, -0.2728238800000007]","[13.0, 'O', -0.0021637899999973342, 0.8861125299999983, -0.4240341000000001]","[15.0, 'H', 0.7512092299999971, 0.91927716, -1.0710544500000019]","[106.0, 'O', 0.4675408100000027, -2.307432910000003, -1.7416183099999998]","[108.0, 'H', 0.07597787000000267, -2.454565650000003, -0.8667397500000007]",,,,,,,,
"[9.0, 'H', -2.1507229099999954, 1.1892730500000006, 0.7982305700000012]","[13.0, 'O', -0.7533730199999944, -0.033164630000001694, 0.6470203500000018]","[14.0, 'H', -0.7512092299999971, -0.91927716, 1.0710544500000019]","[159.0, 'H', -0.8845669799999953, -2.155602730000002, -1.852273099999998]","[175.0, 'O', 1.5097712500000036, 0.33862742999999895, -0.9520831100000002]","[176.0, 'H', 1.873064570000004, 1.078528649999999, -0.38436573999999624]","[177.0, 'H', 1.6185644600000053, 0.7169852500000005, -1.8528881799999972]",,,,,,
"[10.0, 'O', -1.1332437599999992, -2.0702838099999994, 1.3078501599999974]","[17.0, 'H', -0.5849414700000004, -0.7185796599999996, 0.36276459999999844]","[18.0, 'H', -0.28096195999999907, 0.2398034399999993, -0.9192731100000024]","[181.0, 'O', 2.6309761199999997, -0.7447991599999995, 0.5617321299999993]","[182.0, 'H', 2.5481947, -0.42444161999999963, 1.5025458699999987]","[183.0, 'H', 1.7242992699999995, -0.6149401400000016, 0.1824161800000006]",,,,,,,
"[10.0, 'O', -0.5483022899999987, -1.3517041499999998, 0.945085559999999]","[11.0, 'H', -1.3934204900000005, -1.4056159200000025, 1.4628861499999992]","[12.0, 'H', -0.6102061299999981, -2.068642660000002, 0.24021192000000013]","[16.0, 'O', 0.5849414700000004, 0.7185796599999996, -0.36276459999999844]","[18.0, 'H', 0.30397951000000134, 0.9583830999999989, -1.2820377100000009]","[155.0, 'H', 0.7627739799999986, -1.6141190900000026, 1.99768422]","[183.0, 'H', 2.30924074, 0.10363951999999799, -0.18034841999999784]",,,,,,
"[16.0, 'O', 0.28096195999999907, -0.2398034399999993, 0.9192731100000024]","[17.0, 'H', -0.30397951000000134, -0.9583830999999989, 1.2820377100000009]","[48.0, 'H', 1.1826585200000004, -0.6698794499999998, -1.9651260899999983]","[183.0, 'H', 2.0052612299999986, -0.854743580000001, 1.101689290000003]",,,,,,,,,
"[20.0, 'H', -0.8940400299999993, 0.4412570599999981, 0.025115959999997273]","[21.0, 'H', 0.21509607999999858, -0.24209984000000162, 0.94902497]","[40.0, 'O', 0.8486721400000015, -0.7637874499999988, 2.3627711299999987]","[52.0, 'O', -2.43444959, 1.3078895300000006, 0.092312849999999]",,,,,,,,,
"[19.0, 'O', 0.8940400299999993, -0.4412570599999981, -0.025115959999997273]","[21.0, 'H', 1.109136109999998, -0.6833568999999997, 0.9239090100000027]","[52.0, 'O', -1.5404095600000005, 0.8666324700000025, 0.06719689000000173]","[53.0, 'H', -1.7287994600000012, 1.2070068700000007, 0.9809440700000032]","[54.0, 'H', -2.1003285500000004, 0.05118476000000172, -0.0027135299999976326]",,,,,,,,
"[19.0, 'O', -0.21509607999999858, 0.24209984000000162, -0.94902497]","[20.0, 'H', -1.109136109999998, 0.6833568999999997, -0.9239090100000027]","[30.0, 'H', 2.3781536699999997, -0.4256296699999993, 1.3700844100000005]","[40.0, 'O', 0.6335760600000029, -0.5216876099999972, 1.4137461599999988]","[41.0, 'H', 0.4373811200000013, -1.4870647099999985, 1.4931836499999989]","[42.0, 'H', 0.35462577000000195, -0.05724646999999905, 2.2569142899999974]",,,,,,,
"[23.0, 'H', 0.3775998600000001, -0.9088366400000005, -0.027117119999999773]","[24.0, 'H', 0.7544326499999983, 0.6318917899999974, 0.017459250000001703]","[172.0, 'O', -1.3271597799999988, 0.8353727199999987, -2.4433776199999997]","[173.0, 'H', -0.8639220900000026, 0.5048255799999986, -1.6382632899999976]","[190.0, 'O', -2.16572944, 0.4657753999999983, 1.783730300000002]","[191.0, 'H', -1.46906392, 0.24778262999999967, 1.1228029000000035]",,,,,,,
"[22.0, 'O', -0.3775998600000001, 0.9088366400000005, 0.027117119999999773]","[24.0, 'H', 0.37683278999999814, 1.540728429999998, 0.044576370000001475]","[173.0, 'H', -1.2415219500000028, 1.413662219999999, -1.6111461699999978]","[191.0, 'H', -1.84666378, 1.1566192700000002, 1.1499200200000033]",,,,,,,,,
"[22.0, 'O', -0.7544326499999983, -0.6318917899999974, -0.017459250000001703]","[23.0, 'H', -0.37683278999999814, -1.540728429999998, -0.044576370000001475]","[94.0, 'O', 0.8317543600000015, 1.993306350000001, 0.16730895999999973]","[95.0, 'H', 1.8005573500000018, 2.2044421100000022, 0.28636531000000076]","[96.0, 'H', 0.3798985600000009, 2.6514603500000007, 0.7488379499999986]","[137.0, 'H', 0.7599415200000017, 2.3347355400000005, -1.5049087700000001]","[173.0, 'H', -1.618354740000001, -0.12706620999999885, -1.6557225399999993]","[191.0, 'H', -2.2234965699999982, -0.38410915999999773, 1.1053436500000018]",,,,,
"[26.0, 'H', 0.11163584999999898, -0.6998280500000007, -0.7101018500000009]","[27.0, 'H', -0.9411690500000027, 0.2938508899999981, -0.0378928700000003]","[46.0, 'O', -2.7314952600000026, 0.643582219999999, -0.10221583000000223]","[47.0, 'H', -2.7649872300000027, 0.38872453999999834, -1.0570034600000007]","[49.0, 'O', 0.28132660999999715, 1.9635092899999975, 2.0705988699999978]","[50.0, 'H', 0.34068016999999884, 1.2338471099999992, 1.415435119999998]","[74.0, 'H', -1.1597004900000023, -0.1836657499999994, -2.6706715900000013]","[160.0, 'O', 0.28239357999999726, -1.7858216599999999, -2.062705870000002]",,,,,
"[25.0, 'O', -0.11163584999999898, 0.6998280500000007, 0.7101018500000009]","[27.0, 'H', -1.0528049000000017, 0.9936789399999988, 0.6722089800000006]","[50.0, 'H', 0.22904431999999986, 1.93367516, 2.125536969999999]","[74.0, 'H', -1.2713363400000013, 0.5161623000000013, -1.9605697400000004]","[160.0, 'O', 0.17075772999999828, -1.0859936099999992, -1.3526040200000011]","[161.0, 'H', -0.6067529200000017, -1.7091516400000017, -1.2384775999999995]","[162.0, 'H', 0.9499532699999982, -1.6142396900000016, -1.0231823999999996]",,,,,,
"[25.0, 'O', 0.9411690500000027, -0.2938508899999981, 0.0378928700000003]","[26.0, 'H', 1.0528049000000017, -0.9936789399999988, -0.6722089800000006]","[46.0, 'O', -1.79032621, 0.3497313300000009, -0.06432296000000193]","[47.0, 'H', -1.82381818, 0.09487365000000025, -1.0191105900000004]","[48.0, 'H', -2.488764749999998, 1.0486726600000011, 0.07084766999999914]","[49.0, 'O', 1.2224956599999999, 1.6696583999999994, 2.108491739999998]","[50.0, 'H', 1.2818492200000016, 0.9399962200000012, 1.4533279899999982]","[73.0, 'O', -1.1290907699999977, -0.1225029599999985, -2.6923484]","[74.0, 'H', -0.21853143999999958, -0.4775166399999975, -2.632778720000001]","[150.0, 'H', -1.904054519999999, -0.9326089199999998, 1.03048772]",,,
"[29.0, 'H', 0.3867626400000006, -0.4215661599999976, 0.8111668399999985]","[30.0, 'H', -0.9865992900000009, -0.09325533999999891, 0.06252130000000022]","[40.0, 'O', -2.7311768999999977, -0.1893132799999968, 0.1061830499999985]","[43.0, 'O', 0.8419087400000009, 2.35832538, -0.7406518200000001]","[44.0, 'H', 0.397253850000002, 1.4904546000000032, -0.4787658200000031]","[98.0, 'H', 1.8586396799999996, 0.1994808500000005, -1.1121278500000003]","[112.0, 'O', 1.0357924900000022, -1.2218046399999984, 2.2567709299999983]",,,,,,
"[28.0, 'O', -0.3867626400000006, 0.4215661599999976, -0.8111668399999985]","[30.0, 'H', -1.3733619300000015, 0.32831081999999867, -0.7486455399999983]","[44.0, 'H', 0.010491210000001416, 1.9120207600000008, -1.2899326600000016]","[98.0, 'H', 1.471877039999999, 0.6210470099999981, -1.9232946899999988]","[112.0, 'O', 0.6490298500000016, -0.8002384800000009, 1.4456040899999998]","[113.0, 'H', -0.011282120000000617, -1.527793250000002, 1.608766469999999]","[114.0, 'H', 1.5508044299999995, -1.1829492100000003, 1.6123431100000012]","[171.0, 'H', 1.146300870000001, 0.8365053699999976, 2.1481738399999983]",,,,,
"[21.0, 'H', -2.3781536699999997, 0.4256296699999993, -1.3700844100000005]","[28.0, 'O', 0.9865992900000009, 0.09325533999999891, -0.06252130000000022]","[29.0, 'H', 1.3733619300000015, -0.32831081999999867, 0.7486455399999983]","[40.0, 'O', -1.7445776099999968, -0.0960579399999979, 0.04366174999999828]","[41.0, 'H', -1.9407725499999984, -1.0614350399999992, 0.12309923999999839]","[42.0, 'H', -2.0235278999999977, 0.36838320000000024, 0.886829879999997]","[44.0, 'H', 1.383853140000003, 1.583709940000002, -0.5412871200000033]",,,,,,
"[32.0, 'H', -0.06899358000000078, -0.2930694900000006, -0.9387098199999997]","[33.0, 'H', -0.5746294899999995, -0.5930837100000019, 0.5192048199999988]","[53.0, 'H', -0.6584281700000005, -2.7695934400000013, 0.06738671000000096]","[79.0, 'O', 1.119155150000001, 2.5373839700000005, 0.09815567999999786]","[80.0, 'H', 0.7693414199999999, 1.6088342699999991, 0.15673688999999769]",,,,,,,,
"[31.0, 'O', 0.06899358000000078, 0.2930694900000006, 0.9387098199999997]","[33.0, 'H', -0.5056359099999987, -0.30001422000000133, 1.4579146399999985]","[52.0, 'O', -0.4010446899999991, -2.816898349999999, 0.09234934999999922]","[53.0, 'H', -0.5894345899999998, -2.4765239500000007, 1.0060965300000007]","[80.0, 'H', 0.8383350000000007, 1.9019037599999997, 1.0954467099999974]",,,,,,,,
"[31.0, 'O', 0.5746294899999995, 0.5930837100000019, -0.5192048199999988]","[32.0, 'H', 0.5056359099999987, 0.30001422000000133, -1.4579146399999985]","[52.0, 'O', 0.10459121999999965, -2.5168841299999976, -1.3655652899999993]","[53.0, 'H', -0.08379868000000101, -2.1765097299999994, -0.45181810999999783]","[60.0, 'H', -0.6053137700000022, 0.9026403300000005, 2.7596214900000007]","[80.0, 'H', 1.3439709099999995, 2.201917980000001, -0.3624679300000011]","[121.0, 'O', -0.7537675999999998, -1.6669291599999987, 1.0871749900000012]","[122.0, 'H', -0.43165233000000214, -1.1903792699999975, 1.8906374899999996]","[123.0, 'H', -1.703048980000002, -1.8772794699999977, 1.3219132400000007]","[164.0, 'H', -2.1190162500000014, 1.6530412000000005, 1.215769439999999]","[187.0, 'O', -2.9104914199999996, 0.6913282500000015, -0.043009959999999126]","[188.0, 'H', -2.448131980000003, 0.8918212000000025, -0.8944759799999993]","[189.0, 'H', -2.64644281, -0.2156957499999983, 0.19436548999999914]"
"[35.0, 'H', -0.8018806599999984, -0.1611013000000021, 0.5300079199999992]","[36.0, 'H', -0.019692129999999253, 0.9798087999999971, -0.2013721799999999]",,,,,,,,,,,
"[34.0, 'O', 0.8018806599999984, 0.1611013000000021, -0.5300079199999992]","[36.0, 'H', 0.7821885299999991, 1.1409100999999993, -0.7313800999999991]","[124.0, 'O', -1.08325842, 0.5421367600000018, 2.1092448200000007]","[125.0, 'H', -0.8981139800000015, 1.477542800000002, 1.8760151]","[138.0, 'H', -0.8885863300000025, -1.306323459999998, 1.8400137799999996]",,,,,,,,
"[34.0, 'O', 0.019692129999999253, -0.9798087999999971, 0.2013721799999999]","[35.0, 'H', -0.7821885299999991, -1.1409100999999993, 0.7313800999999991]",,,,,,,,,,,
"[38.0, 'H', -0.12799720999999664, -0.44785955000000044, -0.8834986000000029]","[39.0, 'H', 0.36994709000000014, -0.7301217900000019, 0.5581017899999985]","[103.0, 'O', -0.38380731999999895, -1.31567888, -2.4388050800000016]","[118.0, 'O', 1.4922760600000018, 2.3499443199999988, -0.5672358899999992]","[120.0, 'H', 0.9640335600000007, 1.5319872999999973, -0.36478383000000036]",,,,,,,,
"[37.0, 'O', 0.12799720999999664, 0.44785955000000044, 0.8834986000000029]","[39.0, 'H', 0.4979442999999968, -0.28226224000000144, 1.4416003900000014]","[103.0, 'O', -0.2558101100000023, -0.8678193299999997, -1.5553064799999987]","[104.0, 'H', -0.7630920300000028, -1.6062292199999995, -1.1216912899999976]","[105.0, 'H', -0.960004940000001, -0.2712819400000015, -1.9166515399999966]","[120.0, 'H', 1.0920307699999974, 1.9798468499999977, 0.5187147700000025]","[126.0, 'H', 1.4839862400000001, -0.7181969300000013, -1.9124299799999953]","[182.0, 'H', -2.031336890000002, 1.61780246, -0.9952292899999975]",,,,,
"[37.0, 'O', -0.36994709000000014, 0.7301217900000019, -0.5581017899999985]","[38.0, 'H', -0.4979442999999968, 0.28226224000000144, -1.4416003900000014]","[120.0, 'H', 0.5940864700000006, 2.262109089999999, -0.9228856199999989]",,,,,,,,,,
"[19.0, 'O', -0.8486721400000015, 0.7637874499999988, -2.3627711299999987]","[21.0, 'H', -0.6335760600000029, 0.5216876099999972, -1.4137461599999988]","[28.0, 'O', 2.7311768999999977, 0.1893132799999968, -0.1061830499999985]","[30.0, 'H', 1.7445776099999968, 0.0960579399999979, -0.04366174999999828]","[41.0, 'H', -0.1961949400000016, -0.9653771000000013, 0.07943749000000011]","[42.0, 'H', -0.27895029000000093, 0.46444113999999814, 0.8431681299999987]","[61.0, 'O', -0.5663791000000025, 1.3178382399999968, 2.3428985599999983]",,,,,,
"[21.0, 'H', -0.4373811200000013, 1.4870647099999985, -1.4931836499999989]","[30.0, 'H', 1.9407725499999984, 1.0614350399999992, -0.12309923999999839]","[40.0, 'O', 0.1961949400000016, 0.9653771000000013, -0.07943749000000011]","[42.0, 'H', -0.08275534999999934, 1.4298182399999995, 0.7637306399999986]",,,,,,,,,
"[21.0, 'H', -0.35462577000000195, 0.05724646999999905, -2.2569142899999974]","[30.0, 'H', 2.0235278999999977, -0.36838320000000024, -0.886829879999997]","[40.0, 'O', 0.27895029000000093, -0.46444113999999814, -0.8431681299999987]","[41.0, 'H', 0.08275534999999934, -1.4298182399999995, -0.7637306399999986]","[61.0, 'O', -0.28742881000000153, 0.8533970999999987, 1.4997304299999996]","[62.0, 'H', -0.561052029999999, 1.797206210000006, 1.6714816]","[63.0, 'H', 0.5831820000000008, 0.8114326799999994, 1.9981561200000009]","[68.0, 'H', -1.671199269999999, -0.12385525999999913, 2.0342598699999996]",,,,,
"[28.0, 'O', -0.8419087400000009, -2.35832538, 0.7406518200000001]","[44.0, 'H', -0.4446548899999989, -0.867870779999997, 0.26188599999999695]","[45.0, 'H', -0.13012044999999972, 0.1159879700000026, -0.9570843199999999]","[88.0, 'O', -2.2567732000000014, 1.1185230300000022, 1.4928804299999996]","[89.0, 'H', -1.3376600200000013, 1.0719518500000014, 1.1497530899999973]","[90.0, 'H', -2.7369204899999993, 0.6396254700000021, 0.790229349999997]","[98.0, 'H', 1.0167309399999986, -2.1588445299999997, -0.3714760300000002]",,,,,,
"[28.0, 'O', -0.397253850000002, -1.4904546000000032, 0.4787658200000031]","[29.0, 'H', -0.010491210000001416, -1.9120207600000008, 1.2899326600000016]","[30.0, 'H', -1.383853140000003, -1.583709940000002, 0.5412871200000033]","[43.0, 'O', 0.4446548899999989, 0.867870779999997, -0.26188599999999695]","[45.0, 'H', 0.3145344399999992, 0.9838587499999996, -1.2189703199999968]","[88.0, 'O', -1.8121183100000025, 1.9863938099999991, 1.2309944300000026]","[89.0, 'H', -0.8930051300000024, 1.9398226299999983, 0.8878670900000003]","[90.0, 'H', -2.2922656000000003, 1.507496249999999, 0.5283433500000001]","[97.0, 'O', 2.0512877599999975, -1.6859168200000028, -1.3014678899999979]","[98.0, 'H', 1.4613858299999976, -1.2909737500000027, -0.6333620299999971]",,,
"[43.0, 'O', 0.13012044999999972, -0.1159879700000026, 0.9570843199999999]","[44.0, 'H', -0.3145344399999992, -0.9838587499999996, 1.2189703199999968]","[89.0, 'H', -1.2075395700000016, 0.9559638799999988, 2.106837409999997]","[98.0, 'H', 1.1468513899999984, -2.2748325000000023, 0.5856082899999997]",,,,,,,,,
"[25.0, 'O', 2.7314952600000026, -0.643582219999999, 0.10221583000000223]","[27.0, 'H', 1.79032621, -0.3497313300000009, 0.06432296000000193]","[47.0, 'H', -0.03349197000000004, -0.25485768000000064, -0.9547876299999984]","[48.0, 'H', -0.6984385399999979, 0.6989413300000002, 0.13517063000000107]","[73.0, 'O', 0.6612354400000022, -0.4722342899999994, -2.6280254399999983]","[148.0, 'O', -0.1059131200000003, -1.9822971500000008, 1.800120360000001]","[150.0, 'H', -0.11372830999999906, -1.2823402500000007, 1.094810680000002]",,,,,,
"[25.0, 'O', 2.7649872300000027, -0.38872453999999834, 1.0570034600000007]","[27.0, 'H', 1.82381818, -0.09487365000000025, 1.0191105900000004]","[46.0, 'O', 0.03349197000000004, 0.25485768000000064, 0.9547876299999984]","[48.0, 'H', -0.6649465699999979, 0.9537990100000009, 1.0899582599999995]","[73.0, 'O', 0.6947274100000023, -0.21737660999999875, -1.6732378099999998]","[74.0, 'H', 1.6052867400000004, -0.5723902899999977, -1.6136681300000006]","[75.0, 'H', 0.18930755000000232, -0.9378180199999981, -2.141631199999999]","[150.0, 'H', -0.08023633999999902, -1.02748257, 2.0495983100000004]",,,,,
"[18.0, 'H', -1.1826585200000004, 0.6698794499999998, 1.9651260899999983]","[27.0, 'H', 2.488764749999998, -1.0486726600000011, -0.07084766999999914]","[46.0, 'O', 0.6984385399999979, -0.6989413300000002, -0.13517063000000107]","[47.0, 'H', 0.6649465699999979, -0.9537990100000009, -1.0899582599999995]","[150.0, 'H', 0.5847102299999989, -1.981281580000001, 0.9596400500000009]",,,,,,,,
"[25.0, 'O', -0.28132660999999715, -1.9635092899999975, -2.0705988699999978]","[27.0, 'H', -1.2224956599999999, -1.6696583999999994, -2.108491739999998]","[50.0, 'H', 0.05935356000000169, -0.7296621799999983, -0.6551637499999998]","[51.0, 'H', -0.7794884499999988, -0.26953109999999825, 0.5878181200000014]","[181.0, 'O', -1.9819808499999994, -0.9357088899999972, 1.4084872600000011]",,,,,,,,
"[25.0, 'O', -0.34068016999999884, -1.2338471099999992, -1.415435119999998]","[26.0, 'H', -0.22904431999999986, -1.93367516, -2.125536969999999]","[27.0, 'H', -1.2818492200000016, -0.9399962200000012, -1.4533279899999982]","[49.0, 'O', -0.05935356000000169, 0.7296621799999983, 0.6551637499999998]","[51.0, 'H', -0.8388420100000005, 0.46013108, 1.2429818700000013]","[105.0, 'H', -1.0527838799999998, -1.7747735700000007, 2.0830425000000012]","[181.0, 'O', -2.041334410000001, -0.20604670999999897, 2.063651010000001]",,,,,,
"[49.0, 'O', 0.7794884499999988, 0.26953109999999825, -0.5878181200000014]","[50.0, 'H', 0.8388420100000005, -0.46013108, -1.2429818700000013]","[105.0, 'H', -0.2139418699999993, -2.2349046500000007, 0.84006063]","[181.0, 'O', -1.2024924000000006, -0.666177789999999, 0.8206691399999997]","[182.0, 'H', -1.2852738200000005, -0.34582024999999916, 1.761482879999999]","[183.0, 'H', -2.1091692500000008, -0.5363187700000012, 0.44135319000000095]",,,,,,,
"[19.0, 'O', 2.43444959, -1.3078895300000006, -0.092312849999999]","[20.0, 'H', 1.5404095600000005, -0.8666324700000025, -0.06719689000000173]","[32.0, 'H', 0.4010446899999991, 2.816898349999999, -0.09234934999999922]","[33.0, 'H', -0.10459121999999965, 2.5168841299999976, 1.3655652899999993]","[53.0, 'H', -0.18838990000000067, 0.3403743999999982, 0.9137471800000014]","[54.0, 'H', -0.5599189899999999, -0.8154477100000008, -0.06991041999999936]","[121.0, 'O', -0.8583588199999994, 0.8499549699999989, 2.4527402800000004]","[151.0, 'O', -1.4344682300000002, -2.1704759399999993, -0.28279301999999973]",,,,,
"[20.0, 'H', 1.7287994600000012, -1.2070068700000007, -0.9809440700000032]","[31.0, 'O', 0.6584281700000005, 2.7695934400000013, -0.06738671000000096]","[32.0, 'H', 0.5894345899999998, 2.4765239500000007, -1.0060965300000007]","[33.0, 'H', 0.08379868000000101, 2.1765097299999994, 0.45181810999999783]","[52.0, 'O', 0.18838990000000067, -0.3403743999999982, -0.9137471800000014]","[54.0, 'H', -0.37152908999999923, -1.155822109999999, -0.9836576000000008]","[121.0, 'O', -0.6699689199999987, 0.5095805700000007, 1.538993099999999]","[122.0, 'H', -0.3478536500000011, 0.9861304600000018, 2.3424555999999974]","[123.0, 'H', -1.619250300000001, 0.29923026000000164, 1.7737313499999985]",,,,
"[20.0, 'H', 2.1003285500000004, -0.05118476000000172, 0.0027135299999976326]","[52.0, 'O', 0.5599189899999999, 0.8154477100000008, 0.06991041999999936]","[53.0, 'H', 0.37152908999999923, 1.155822109999999, 0.9836576000000008]","[151.0, 'O', -0.8745492400000003, -1.3550282299999985, -0.21288260000000037]","[152.0, 'H', -1.8296832100000024, -1.265609659999999, 0.10026852999999747]","[153.0, 'H', -0.707166879999999, -2.30906783, -0.3010431000000011]",,,,,,,
"[56.0, 'H', -0.3756019500000001, -0.3828529500000002, 0.8308955599999983]","[57.0, 'H', -0.7202241399999991, -0.07382306999999955, -0.6797608900000007]","[121.0, 'O', 2.6271404400000016, 0.1902380000000008, -0.6545772700000008]","[123.0, 'H', 1.6778590599999994, -0.020112309999998246, -0.4198390200000013]","[189.0, 'H', 0.7344652300000014, 1.6414714100000012, -1.5473867700000028]",,,,,,,,
"[55.0, 'O', 0.3756019500000001, 0.3828529500000002, -0.8308955599999983]","[57.0, 'H', -0.34462218999999905, 0.30902988000000065, -1.510656449999999]","[123.0, 'H', 2.0534610099999995, 0.36274064000000195, -1.2507345799999996]","[144.0, 'H', 1.0326696099999992, -1.0822027399999996, 2.0223784699999996]",,,,,,,,,
"[55.0, 'O', 0.7202241399999991, 0.07382306999999955, 0.6797608900000007]","[56.0, 'H', 0.34462218999999905, -0.30902988000000065, 1.510656449999999]","[123.0, 'H', 2.3980831999999985, 0.0537107600000013, 0.25992186999999944]","[189.0, 'H', 1.4546893700000005, 1.7152944800000007, -0.8676258800000021]",,,,,,,,,
"[59.0, 'H', -0.5422549100000005, -0.07570877999999936, 0.8102134800000016]","[60.0, 'H', -0.4061425000000014, 0.7801663699999999, -0.4812574999999981]","[70.0, 'O', 2.265048320000002, -0.9517150799999996, 1.0377171100000027]","[71.0, 'H', 1.5696299300000014, -0.4449332099999985, 0.54576986]","[121.0, 'O', -0.554596329999999, -1.7894031199999993, -2.1537039999999976]","[122.0, 'H', -0.23248106000000135, -1.3128532299999982, -1.3502414999999992]","[158.0, 'H', 0.8444386699999988, -1.7448769599999991, 2.2119419700000016]","[163.0, 'O', -1.3950332299999992, 1.97706157, -1.3031161499999975]",,,,,
"[58.0, 'O', 0.5422549100000005, 0.07570877999999936, -0.8102134800000016]","[60.0, 'H', 0.13611240999999907, 0.8558751499999993, -1.2914709799999997]","[70.0, 'O', 2.8073032300000023, -0.8760063000000002, 0.22750363000000107]","[71.0, 'H', 2.111884840000002, -0.36922442999999916, -0.26444362000000154]","[77.0, 'H', 0.1379362800000017, 1.8048928199999992, 2.0222960999999984]","[109.0, 'O', -0.7590999299999979, 0.3551207199999986, 2.3888293099999984]","[110.0, 'H', -0.41020165999999847, -0.5670937500000015, 2.3062901999999994]","[122.0, 'H', 0.30977384999999913, -1.2371444499999988, -2.160454980000001]","[157.0, 'O', 0.5615790800000013, -2.001646909999998, 1.8325840599999985]","[158.0, 'H', 1.3866935799999993, -1.6691681799999998, 1.40172849]",,,
"[33.0, 'H', 0.6053137700000022, -0.9026403300000005, -2.7596214900000007]","[58.0, 'O', 0.4061425000000014, -0.7801663699999999, 0.4812574999999981]","[59.0, 'H', -0.13611240999999907, -0.8558751499999993, 1.2914709799999997]","[71.0, 'H', 1.9757724300000028, -1.2250995799999984, 1.0270273599999982]","[122.0, 'H', 0.17366144000000006, -2.093019599999998, -0.8689840000000011]","[163.0, 'O', -0.9888907299999978, 1.1968952000000002, -0.8218586499999994]","[164.0, 'H', -1.5137024799999992, 0.75040087, -1.5438520500000017]","[165.0, 'H', -1.6321322999999985, 1.5087432000000014, -0.1439370000000011]",,,,,
"[40.0, 'O', 0.5663791000000025, -1.3178382399999968, -2.3428985599999983]","[42.0, 'H', 0.28742881000000153, -0.8533970999999987, -1.4997304299999996]","[62.0, 'H', -0.2736232199999975, 0.9438091100000072, 0.17175117000000029]","[63.0, 'H', 0.8706108100000023, -0.041964419999999336, 0.49842569000000125]","[67.0, 'O', -2.0565609999999985, -1.6888863899999969, 0.7425106600000007]","[68.0, 'H', -1.3837704599999974, -0.9772523599999978, 0.53452944]","[70.0, 'O', -0.7554567999999975, 2.4414817500000012, 1.0308045500000027]","[115.0, 'O', 2.3496303600000026, 0.10032873000000109, 1.4142983900000026]",,,,,
"[42.0, 'H', 0.561052029999999, -1.797206210000006, -1.6714816]","[61.0, 'O', 0.2736232199999975, -0.9438091100000072, -0.17175117000000029]","[63.0, 'H', 1.1442340299999998, -0.9857735300000066, 0.32667452000000097]","[68.0, 'H', -1.1101472399999999, -1.921061470000005, 0.36277826999999974]","[70.0, 'O', -0.48183358, 1.497672639999994, 0.8590533800000024]","[71.0, 'H', -1.1772519700000004, 2.004454509999995, 0.3671061299999998]","[72.0, 'H', 0.18493683999999888, 2.179817639999996, 1.1412515700000014]","[158.0, 'H', -1.902443230000003, 0.7045107599999945, 2.0332782400000013]",,,,,
"[42.0, 'H', -0.5831820000000008, -0.8114326799999994, -1.9981561200000009]","[61.0, 'O', -0.8706108100000023, 0.041964419999999336, -0.49842569000000125]","[62.0, 'H', -1.1442340299999998, 0.9857735300000066, -0.32667452000000097]","[68.0, 'H', -2.2543812699999997, -0.9352879399999985, 0.03610374999999877]","[115.0, 'O', 1.4790195500000003, 0.14229315000000042, 0.9158727000000013]","[116.0, 'H', 1.6033549399999991, -0.7781216499999992, 1.2891870000000019]","[117.0, 'H', 1.2834536399999976, 0.7138930499999994, 1.7039536899999987]",,,,,,
"[65.0, 'H', -0.4265328100000012, -0.5609527000000014, 0.7000364599999997]","[66.0, 'H', 0.3879860999999991, -0.6374870799999997, -0.6278137900000011]","[91.0, 'O', -1.2223994199999986, -1.2093532200000006, 2.1715953900000002]","[160.0, 'O', -2.061108820000001, 1.522923930000001, -1.0235482100000013]","[162.0, 'H', -1.2819132800000013, 0.9946778499999986, -0.6941265899999998]",,,,,,,,
"[64.0, 'O', 0.4265328100000012, 0.5609527000000014, -0.7000364599999997]","[66.0, 'H', 0.8145189100000003, -0.07653437999999824, -1.327850250000001]","[91.0, 'O', -0.7958666099999974, -0.6484005199999991, 1.4715589300000005]","[92.0, 'H', -1.2294180600000004, -1.4326934999999992, 1.868109699999998]","[93.0, 'H', -0.1963169899999997, -0.35102879999999814, 2.214733840000001]","[162.0, 'H', -0.8553804700000001, 1.55563055, -1.3941630499999995]",,,,,,,
"[64.0, 'O', -0.3879860999999991, 0.6374870799999997, 0.6278137900000011]","[65.0, 'H', -0.8145189100000003, 0.07653437999999824, 1.327850250000001]","[162.0, 'H', -1.6698993800000004, 1.6321649299999983, -0.06631279999999862]",,,,,,,,,,
"[61.0, 'O', 2.0565609999999985, 1.6888863899999969, -0.7425106600000007]","[68.0, 'H', 0.6727905400000012, 0.711634029999999, -0.20798122000000063]","[69.0, 'H', -0.7197073700000018, 0.07451942999999872, -0.6617542599999986]","[142.0, 'O', -2.65176821, 1.1271823499999982, 0.6708884899999994]","[143.0, 'H', -1.9790860800000019, 1.73581961, 1.0643228100000002]",,,,,,,,
"[42.0, 'H', 1.671199269999999, 0.12385525999999913, -2.0342598699999996]","[61.0, 'O', 1.3837704599999974, 0.9772523599999978, -0.53452944]","[62.0, 'H', 1.1101472399999999, 1.921061470000005, -0.36277826999999974]","[63.0, 'H', 2.2543812699999997, 0.9352879399999985, -0.03610374999999877]","[67.0, 'O', -0.6727905400000012, -0.711634029999999, 0.20798122000000063]","[69.0, 'H', -1.392497910000003, -0.6371146000000003, -0.45377303999999796]",,,,,,,
"[67.0, 'O', 0.7197073700000018, -0.07451942999999872, 0.6617542599999986]","[68.0, 'H', 1.392497910000003, 0.6371146000000003, 0.45377303999999796]","[142.0, 'O', -1.9320608399999983, 1.0526629199999995, 1.332642749999998]","[143.0, 'H', -1.25937871, 1.6613001800000013, 1.7260770699999988]",,,,,,,,,
"[58.0, 'O', -2.265048320000002, 0.9517150799999996, -1.0377171100000027]","[59.0, 'H', -2.8073032300000023, 0.8760063000000002, -0.22750363000000107]","[61.0, 'O', 0.7554567999999975, -2.4414817500000012, -1.0308045500000027]","[62.0, 'H', 0.48183358, -1.497672639999994, -0.8590533800000024]","[71.0, 'H', -0.6954183900000004, 0.5067818700000011, -0.4919472500000026]","[72.0, 'H', 0.6667704199999989, 0.682145000000002, 0.282198189999999]","[145.0, 'O', 1.5996954199999998, 1.9834655199999993, 0.9363818399999992]","[157.0, 'O', -2.245724150000001, -1.1256406099999978, 1.6050804299999974]","[158.0, 'H', -1.420609650000003, -0.7931618799999995, 1.174224859999999]","[177.0, 'H', 0.5882994299999993, 1.228543430000002, 2.3978804700000005]",,,
"[5.0, 'H', 1.7657900699999978, 1.8642867400000007, -1.0438579899999993]","[58.0, 'O', -1.5696299300000014, 0.4449332099999985, -0.54576986]","[59.0, 'H', -2.111884840000002, 0.36922442999999916, 0.26444362000000154]","[60.0, 'H', -1.9757724300000028, 1.2250995799999984, -1.0270273599999982]","[62.0, 'H', 1.1772519700000004, -2.004454509999995, -0.3671061299999998]","[70.0, 'O', 0.6954183900000004, -0.5067818700000011, 0.4919472500000026]","[72.0, 'H', 1.3621888099999993, 0.17536313000000092, 0.7741454400000016]","[122.0, 'H', -1.8021109900000027, -0.8679200199999997, -1.8960113599999993]","[158.0, 'H', -0.7251912600000026, -1.2999437500000006, 1.6661721100000015]",,,,
"[5.0, 'H', 0.4036012599999985, 1.6889236099999998, -1.818003430000001]","[62.0, 'H', -0.18493683999999888, -2.179817639999996, -1.1412515700000014]","[70.0, 'O', -0.6667704199999989, -0.682145000000002, -0.282198189999999]","[71.0, 'H', -1.3621888099999993, -0.17536313000000092, -0.7741454400000016]","[145.0, 'O', 0.9329250000000009, 1.3013205199999973, 0.6541836500000002]","[146.0, 'H', 0.6083395499999966, 2.256816299999997, 0.6514991099999996]","[147.0, 'H', 1.912415639999999, 1.2823523899999998, 0.5443496199999984]","[158.0, 'H', -2.087380070000002, -1.4753068800000015, 0.8920266699999999]","[177.0, 'H', -0.07847098999999957, 0.54639843, 2.1156822800000015]",,,,
"[27.0, 'H', 1.1290907699999977, 0.1225029599999985, 2.6923484]","[46.0, 'O', -0.6612354400000022, 0.4722342899999994, 2.6280254399999983]","[47.0, 'H', -0.6947274100000023, 0.21737660999999875, 1.6732378099999998]","[74.0, 'H', 0.9105593299999981, -0.355013679999999, 0.05956967999999918]","[75.0, 'H', -0.5054198599999999, -0.7204414099999994, -0.46839338999999924]","[79.0, 'O', -1.51173541, -1.8712487099999997, -1.3144135200000022]","[101.0, 'H', -2.6680958200000013, -0.99196916, -0.43981581000000247]",,,,,,
"[25.0, 'O', 1.1597004900000023, 0.1836657499999994, 2.6706715900000013]","[26.0, 'H', 1.2713363400000013, -0.5161623000000013, 1.9605697400000004]","[27.0, 'H', 0.21853143999999958, 0.4775166399999975, 2.632778720000001]","[47.0, 'H', -1.6052867400000004, 0.5723902899999977, 1.6136681300000006]","[73.0, 'O', -0.9105593299999981, 0.355013679999999, -0.05956967999999918]","[75.0, 'H', -1.415979189999998, -0.3654277300000004, -0.5279630699999984]","[160.0, 'O', 1.4420940699999996, -1.6021559100000005, 0.6079657199999993]","[161.0, 'H', 0.6645834199999996, -2.225313940000003, 0.7220921400000009]",,,,,
"[47.0, 'H', -0.18930755000000232, 0.9378180199999981, 2.141631199999999]","[73.0, 'O', 0.5054198599999999, 0.7204414099999994, 0.46839338999999924]","[74.0, 'H', 1.415979189999998, 0.3654277300000004, 0.5279630699999984]","[79.0, 'O', -1.00631555, -1.1508073000000003, -0.846020130000003]","[80.0, 'H', -1.356129280000001, -2.0793570000000017, -0.7874389200000032]","[81.0, 'H', -1.0612468499999999, -0.8525457600000017, -1.8010537700000029]","[100.0, 'O', -2.8064701500000027, 0.15651709999999852, 0.6614471799999997]","[101.0, 'H', -2.1626759600000014, -0.2715277500000006, 0.02857757999999677]",,,,,
"[10.0, 'O', 0.09442278999999942, 1.7796916500000002, 2.057713019999998]","[12.0, 'H', 0.032518950000000046, 1.062753139999998, 1.352839379999999]","[77.0, 'H', -0.31997286, -0.9013345600000022, 0.28229177999999777]","[78.0, 'H', -0.7536292000000024, 0.32840996999999916, -0.5620623699999996]","[109.0, 'O', -1.2170090699999996, -2.351106660000003, 0.6488249899999978]","[148.0, 'O', 2.7218885299999975, 0.738660969999998, -0.46958661000000035]","[149.0, 'H', 1.7822789199999995, 0.4539984199999978, -0.3743866199999992]",,,,,,
"[12.0, 'H', 0.35249181000000007, 1.9640877000000003, 1.0705476000000012]","[59.0, 'H', -0.1379362800000017, -1.8048928199999992, -2.0222960999999984]","[76.0, 'O', 0.31997286, 0.9013345600000022, -0.28229177999999777]","[78.0, 'H', -0.4336563400000024, 1.2297445300000014, -0.8443541499999974]","[109.0, 'O', -0.8970362099999996, -1.4497721000000006, 0.36653321000000005]","[110.0, 'H', -0.5481379400000002, -2.3719865700000007, 0.283994100000001]","[111.0, 'H', -1.8802673300000023, -1.4402572799999973, 0.40474168000000077]","[149.0, 'H', 2.1022517799999996, 1.35533298, -0.656678399999997]",,,,,
"[12.0, 'H', 0.7861481500000025, 0.7343431699999989, 1.9149017499999985]","[76.0, 'O', 0.7536292000000024, -0.32840996999999916, 0.5620623699999996]","[77.0, 'H', 0.4336563400000024, -1.2297445300000014, 0.8443541499999974]","[109.0, 'O', -0.46337986999999714, -2.679516630000002, 1.2108873599999974]","[149.0, 'H', 2.535908120000002, 0.12558844999999863, 0.18767575000000036]","[165.0, 'H', -1.2002998299999987, -0.6700189999999999, -2.613349930000002]",,,,,,,
"[31.0, 'O', -1.119155150000001, -2.5373839700000005, -0.09815567999999786]","[73.0, 'O', 1.51173541, 1.8712487099999997, 1.3144135200000022]","[75.0, 'H', 1.00631555, 1.1508073000000003, 0.846020130000003]","[80.0, 'H', -0.34981373000000104, -0.9285497000000014, 0.05858120999999983]","[81.0, 'H', -0.054931299999999794, 0.2982615399999986, -0.9550336399999999]","[100.0, 'O', -1.8001546000000026, 1.3073243999999988, 1.5074673100000027]","[101.0, 'H', -1.1563604100000013, 0.8792795499999997, 0.8745977099999998]","[185.0, 'H', 2.2095004399999993, -1.8887089100000019, 0.06681679000000074]",,,,,
"[31.0, 'O', -0.7693414199999999, -1.6088342699999991, -0.15673688999999769]","[32.0, 'H', -0.8383350000000007, -1.9019037599999997, -1.0954467099999974]","[33.0, 'H', -1.3439709099999995, -2.201917980000001, 0.3624679300000011]","[75.0, 'H', 1.356129280000001, 2.0793570000000017, 0.7874389200000032]","[79.0, 'O', 0.34981373000000104, 0.9285497000000014, -0.05858120999999983]","[81.0, 'H', 0.29488243000000125, 1.22681124, -1.0136148499999997]","[101.0, 'H', -0.8065466800000003, 1.807829250000001, 0.8160164999999999]","[185.0, 'H', 2.5593141700000004, -0.9601592100000005, 0.008235580000000908]",,,,,
"[75.0, 'H', 1.0612468499999999, 0.8525457600000017, 1.8010537700000029]","[79.0, 'O', 0.054931299999999794, -0.2982615399999986, 0.9550336399999999]","[80.0, 'H', -0.29488243000000125, -1.22681124, 1.0136148499999997]","[101.0, 'H', -1.1014291100000015, 0.5810180100000011, 1.8296313499999997]",,,,,,,,,
"[83.0, 'H', -0.3623117399999991, 0.9215035199999981, 0.04963638000000259]","[84.0, 'H', 0.6627957699999989, -0.080868210000002, 0.7093505800000024]",,,,,,,,,,,
"[82.0, 'O', 0.3623117399999991, -0.9215035199999981, -0.04963638000000259]","[84.0, 'H', 1.025107509999998, -1.0023717300000001, 0.6597141999999998]",,,,,,,,,,,
"[1.0, 'O', 1.3183827100000016, 1.6897071100000005, 1.5492828799999998]","[2.0, 'H', 1.805065680000002, 0.8636498800000005, 1.2395698599999996]","[3.0, 'H', 1.2606893800000023, 2.305354959999999, 0.7986734399999982]","[82.0, 'O', -0.6627957699999989, 0.080868210000002, -0.7093505800000024]","[83.0, 'H', -1.025107509999998, 1.0023717300000001, -0.6597141999999998]","[100.0, 'O', 2.3303958700000003, -0.6676148099999999, 0.9904122700000002]","[102.0, 'H', 1.8084514800000022, -1.4307243499999984, 1.3408216499999988]",,,,,,
"[86.0, 'H', -0.861214669999999, 0.08173878999999928, -0.49251464999999683]","[87.0, 'H', 0.5530482899999996, 0.7711973800000003, -0.2276846699999986]",,,,,,,,,,,
"[85.0, 'O', 0.861214669999999, -0.08173878999999928, 0.49251464999999683]","[87.0, 'H', 1.4142629599999985, 0.689458590000001, 0.26482997999999824]","[116.0, 'H', -1.9272077100000011, 1.2712068800000011, -1.29588897]","[171.0, 'H', 0.42944604999999925, 1.3777071999999997, -2.573242590000003]",,,,,,,,,
"[85.0, 'O', -0.5530482899999996, -0.7711973800000003, 0.2276846699999986]","[86.0, 'H', -1.4142629599999985, -0.689458590000001, -0.26482997999999824]",,,,,,,,,,,
"[4.0, 'O', -1.223375909999998, 2.3513230499999977, 0.28737861999999836]","[6.0, 'H', -0.7780097799999979, 1.4519044, 0.2900808700000006]","[43.0, 'O', 2.2567732000000014, -1.1185230300000022, -1.4928804299999996]","[44.0, 'H', 1.8121183100000025, -1.9863938099999991, -1.2309944300000026]","[89.0, 'H', 0.9191131800000001, -0.04657118000000082, -0.34312734000000233]","[90.0, 'H', -0.4801472899999979, -0.47889756000000006, -0.7026510800000025]","[185.0, 'H', -0.8007403099999983, 2.1641581899999984, -1.9051709000000017]","[186.0, 'H', -0.3680983999999974, 0.9142689199999978, -2.7624376500000025]",,,,,
"[6.0, 'H', -1.697122959999998, 1.498475580000001, 0.6332082100000029]","[43.0, 'O', 1.3376600200000013, -1.0719518500000014, -1.1497530899999973]","[44.0, 'H', 0.8930051300000024, -1.9398226299999983, -0.8878670900000003]","[45.0, 'H', 1.2075395700000016, -0.9559638799999988, -2.106837409999997]","[88.0, 'O', -0.9191131800000001, 0.04657118000000082, 0.34312734000000233]","[90.0, 'H', -1.399260469999998, -0.43232637999999923, -0.3595237400000002]","[186.0, 'H', -1.2872115799999975, 0.9608400999999986, -2.41931031]",,,,,,
"[6.0, 'H', -0.29786249, 1.9308019600000002, 0.9927319500000031]","[43.0, 'O', 2.7369204899999993, -0.6396254700000021, -0.790229349999997]","[44.0, 'H', 2.2922656000000003, -1.507496249999999, -0.5283433500000001]","[88.0, 'O', 0.4801472899999979, 0.47889756000000006, 0.7026510800000025]","[89.0, 'H', 1.399260469999998, 0.43232637999999923, 0.3595237400000002]","[185.0, 'H', -0.32059302000000045, 2.6430557499999985, -1.2025198199999991]","[186.0, 'H', 0.11204889000000051, 1.3931664799999979, -2.05978657]",,,,,,
"[64.0, 'O', 1.2223994199999986, 1.2093532200000006, -2.1715953900000002]","[65.0, 'H', 0.7958666099999974, 0.6484005199999991, -1.4715589300000005]","[92.0, 'H', -0.43355145000000306, -0.78429298, 0.3965507699999975]","[93.0, 'H', 0.5995496199999977, 0.297371720000001, 0.7431749100000005]","[136.0, 'O', 1.6996848599999979, 0.7469161600000014, 1.970234399999999]","[145.0, 'O', -2.73131038, 0.8419547499999993, 0.45893455999999944]","[147.0, 'H', -1.751819740000002, 0.8229866200000018, 0.34910052999999763]","[172.0, 'O', -1.3226674299999992, -1.61272971, 1.9745151099999987]",,,,,
"[65.0, 'H', 1.2294180600000004, 1.4326934999999992, -1.868109699999998]","[91.0, 'O', 0.43355145000000306, 0.78429298, -0.3965507699999975]","[93.0, 'H', 1.0331010700000007, 1.081664700000001, 0.34662414000000297]","[115.0, 'O', -0.7923671899999967, -2.69837081, -0.49050420999999744]","[117.0, 'H', -0.9879330999999993, -2.126770910000001, 0.29757678]","[145.0, 'O', -2.297758929999997, 1.6262477299999993, 0.06238379000000194]","[147.0, 'H', -1.318268289999999, 1.6072796000000018, -0.047450239999999866]","[170.0, 'H', 1.0443400200000035, -2.276131979999999, -0.8138170199999983]","[172.0, 'O', -0.8891159799999961, -0.82843673, 1.5779643400000012]","[173.0, 'H', -0.42587829, -1.1589838700000001, 2.3830786700000033]","[174.0, 'H', -1.7430503199999983, -0.4574072799999982, 1.9131827300000026]",,
"[65.0, 'H', 0.1963169899999997, 0.35102879999999814, -2.214733840000001]","[91.0, 'O', -0.5995496199999977, -0.297371720000001, -0.7431749100000005]","[92.0, 'H', -1.0331010700000007, -1.081664700000001, -0.34662414000000297]","[136.0, 'O', 1.1001352400000002, 0.4495444400000004, 1.2270594899999985]","[137.0, 'H', 0.9193169000000019, 0.22115317999999817, 2.1872682999999995]","[138.0, 'H', 1.1951029599999998, 1.4283045600000008, 1.2423093299999977]","[147.0, 'H', -2.3513693599999996, 0.5256149000000008, -0.39407438000000283]","[172.0, 'O', -1.9222170499999969, -1.910101430000001, 1.2313401999999982]",,,,,
"[24.0, 'H', -0.8317543600000015, -1.993306350000001, -0.16730895999999973]","[95.0, 'H', 0.9688029900000004, 0.21113576000000123, 0.11905635000000103]","[96.0, 'H', -0.4518558000000006, 0.6581539999999997, 0.5815289899999989]","[136.0, 'O', 0.10900549999999853, 0.5698204500000017, -2.632426540000001]","[137.0, 'H', -0.07181283999999977, 0.3414291899999995, -1.6722177299999998]",,,,,,,,
"[24.0, 'H', -1.8005573500000018, -2.2044421100000022, -0.28636531000000076]","[94.0, 'O', -0.9688029900000004, -0.21113576000000123, -0.11905635000000103]","[96.0, 'H', -1.420658790000001, 0.44701823999999846, 0.4624726399999979]","[136.0, 'O', -0.8597974900000018, 0.3586846900000005, -2.751482890000002]","[137.0, 'H', -1.0406158300000001, 0.13029342999999827, -1.7912740800000009]",,,,,,,,
"[24.0, 'H', -0.3798985600000009, -2.6514603500000007, -0.7488379499999986]","[94.0, 'O', 0.4518558000000006, -0.6581539999999997, -0.5815289899999989]","[95.0, 'H', 1.420658790000001, -0.44701823999999846, -0.4624726399999979]","[137.0, 'H', 0.3800429600000008, -0.3167248100000002, -2.2537467199999988]",,,,,,,,,
"[44.0, 'H', -2.0512877599999975, 1.6859168200000028, 1.3014678899999979]","[98.0, 'H', -0.5899019299999999, 0.39494307000000006, 0.6681058600000007]","[99.0, 'H', -0.567527479999999, -0.15603462999999707, -0.8330278200000016]",,,,,,,,,,
"[28.0, 'O', -1.8586396799999996, -0.1994808500000005, 1.1121278500000003]","[29.0, 'H', -1.471877039999999, -0.6210470099999981, 1.9232946899999988]","[43.0, 'O', -1.0167309399999986, 2.1588445299999997, 0.3714760300000002]","[44.0, 'H', -1.4613858299999976, 1.2909737500000027, 0.6333620299999971]","[45.0, 'H', -1.1468513899999984, 2.2748325000000023, -0.5856082899999997]","[97.0, 'O', 0.5899019299999999, -0.39494307000000006, -0.6681058600000007]","[99.0, 'H', 0.022374450000000934, -0.5509776999999971, -1.5011336800000024]",,,,,,
"[97.0, 'O', 0.567527479999999, 0.15603462999999707, 0.8330278200000016]","[98.0, 'H', -0.022374450000000934, 0.5509776999999971, 1.5011336800000024]",,,,,,,,,,,
"[1.0, 'O', -1.0120131599999986, 2.3573219200000004, 0.5588706099999996]","[2.0, 'H', -0.5253301899999983, 1.5312646900000004, 0.24915758999999937]","[75.0, 'H', 2.8064701500000027, -0.15651709999999852, -0.6614471799999997]","[79.0, 'O', 1.8001546000000026, -1.3073243999999988, -1.5074673100000027]","[84.0, 'H', -2.3303958700000003, 0.6676148099999999, -0.9904122700000002]","[101.0, 'H', 0.6437941900000013, -0.42804484999999914, -0.6328696000000029]","[102.0, 'H', -0.521944389999998, -0.7631095399999985, 0.35040937999999855]","[163.0, 'O', -1.487834539999998, -2.3382565500000005, 0.8513446699999996]",,,,,
"[2.0, 'H', -1.1691243799999995, 1.9593095399999996, 0.8820271900000023]","[73.0, 'O', 2.6680958200000013, 0.99196916, 0.43981581000000247]","[75.0, 'H', 2.1626759600000014, 0.2715277500000006, -0.02857757999999677]","[79.0, 'O', 1.1563604100000013, -0.8792795499999997, -0.8745977099999998]","[80.0, 'H', 0.8065466800000003, -1.807829250000001, -0.8160164999999999]","[81.0, 'H', 1.1014291100000015, -0.5810180100000011, -1.8296313499999997]","[100.0, 'O', -0.6437941900000013, 0.42804484999999914, 0.6328696000000029]","[102.0, 'H', -1.1657385799999993, -0.3350646899999994, 0.9832789800000015]",,,,,
"[2.0, 'H', -0.0033858000000002164, 2.294374229999999, -0.10125178999999918]","[84.0, 'H', -1.8084514800000022, 1.4307243499999984, -1.3408216499999988]","[100.0, 'O', 0.521944389999998, 0.7631095399999985, -0.35040937999999855]","[101.0, 'H', 1.1657385799999993, 0.3350646899999994, -0.9832789800000015]","[163.0, 'O', -0.9658901499999999, -1.575147010000002, 0.500935290000001]","[164.0, 'H', -1.4907019000000012, -2.021641340000002, -0.2210581100000013]","[165.0, 'H', -1.6091317200000006, -1.2632990100000008, 1.1788569399999993]",,,,,,
"[37.0, 'O', 0.38380731999999895, 1.31567888, 2.4388050800000016]","[38.0, 'H', 0.2558101100000023, 0.8678193299999997, 1.5553064799999987]","[104.0, 'H', -0.5072819200000005, -0.7384098899999998, 0.43361519000000115]","[105.0, 'H', -0.7041948299999987, 0.5965373899999982, -0.3613450599999979]","[124.0, 'O', 2.728992350000002, 0.19350153999999975, -0.4726696699999984]","[126.0, 'H', 1.7397963500000024, 0.14962239999999838, -0.3571234999999966]","[178.0, 'O', -1.6900787299999998, -1.6004909100000013, 1.4985092500000015]","[181.0, 'O', -1.69274536, 2.16526425, -0.3807365499999982]",,,,,
"[38.0, 'H', 0.7630920300000028, 1.6062292199999995, 1.1216912899999976]","[103.0, 'O', 0.5072819200000005, 0.7384098899999998, -0.43361519000000115]","[105.0, 'H', -0.19691290999999822, 1.334947279999998, -0.794960249999999]","[126.0, 'H', 2.247078270000003, 0.8880322899999982, -0.7907386899999977]","[176.0, 'H', -1.8519124799999993, -2.1936490100000015, 0.22795549000000292]","[178.0, 'O', -1.1827968099999993, -0.8620810200000015, 1.0648940600000003]","[179.0, 'H', -1.8240027799999972, -0.11876677000000058, 1.2528245700000014]","[180.0, 'H', -0.8749248299999977, -1.2034048800000008, 1.9462326700000006]",,,,,
"[38.0, 'H', 0.960004940000001, 0.2712819400000015, 1.9166515399999966]","[50.0, 'H', 1.0527838799999998, 1.7747735700000007, -2.0830425000000012]","[51.0, 'H', 0.2139418699999993, 2.2349046500000007, -0.84006063]","[103.0, 'O', 0.7041948299999987, -0.5965373899999982, 0.3613450599999979]","[104.0, 'H', 0.19691290999999822, -1.334947279999998, 0.794960249999999]","[126.0, 'H', 2.443991180000001, -0.4469149899999998, 0.00422156000000129]","[148.0, 'O', -2.125304670000002, -0.7977884700000004, -1.8005730900000003]","[179.0, 'H', -1.627089869999999, -1.4537140499999985, 2.0477848200000004]","[181.0, 'O', -0.9885505300000013, 1.5687268600000017, -0.01939149000000029]","[182.0, 'H', -1.0713319500000011, 1.8890844000000016, 0.9214222499999991]","[183.0, 'H', -1.8952273800000015, 1.6985858799999995, -0.398707439999999]",,
"[14.0, 'H', -0.4675408100000027, 2.307432910000003, 1.7416183099999998]","[107.0, 'H', 0.05880870000000016, -0.9029481899999965, -0.4362166199999997]","[108.0, 'H', -0.39156294, -0.14713273999999998, 0.8748785599999991]","[157.0, 'O', -0.9317907000000005, 1.5895112800000035, -1.9751243600000024]","[159.0, 'H', -0.600898560000001, 1.071107340000001, -1.18170924]",,,,,,,,
"[106.0, 'O', -0.05880870000000016, 0.9029481899999965, 0.4362166199999997]","[108.0, 'H', -0.4503716400000002, 0.7558154499999965, 1.3110951799999988]","[159.0, 'H', -0.6597072600000011, 1.9740555299999976, -0.7454926200000003]",,,,,,,,,,
"[14.0, 'H', -0.07597787000000267, 2.454565650000003, 0.8667397500000007]","[106.0, 'O', 0.39156294, 0.14713273999999998, -0.8748785599999991]","[107.0, 'H', 0.4503716400000002, -0.7558154499999965, -1.3110951799999988]","[129.0, 'H', -2.6977952700000003, -0.008119499999999391, 0.2725504100000009]","[159.0, 'H', -0.20933562000000094, 1.218240080000001, -2.056587799999999]",,,,,,,,
"[9.0, 'H', 0.3854152199999987, 0.4697042100000033, 2.8876735400000015]","[59.0, 'H', 0.7590999299999979, -0.3551207199999986, -2.3888293099999984]","[76.0, 'O', 1.2170090699999996, 2.351106660000003, -0.6488249899999978]","[77.0, 'H', 0.8970362099999996, 1.4497721000000006, -0.36653321000000005]","[78.0, 'H', 0.46337986999999714, 2.679516630000002, -1.2108873599999974]","[110.0, 'H', 0.3488982699999994, -0.9222144700000001, -0.08253910999999903]","[111.0, 'H', -0.9832311200000028, 0.009514820000003255, 0.038208470000000716]","[157.0, 'O', 1.3206790099999992, -2.3567676299999967, -0.5562452499999999]",,,,,
"[59.0, 'H', 0.41020165999999847, 0.5670937500000015, -2.3062901999999994]","[77.0, 'H', 0.5481379400000002, 2.3719865700000007, -0.283994100000001]","[109.0, 'O', -0.3488982699999994, 0.9222144700000001, 0.08253910999999903]","[111.0, 'H', -1.3321293900000022, 0.9317292900000034, 0.12074757999999974]","[128.0, 'H', -1.1634763800000023, -1.9764981999999982, 1.6993764399999982]","[157.0, 'O', 0.9717807399999998, -1.4345531599999966, -0.4737061400000009]","[158.0, 'H', 1.7968952399999978, -1.1020744299999983, -0.9045617099999994]","[159.0, 'H', 1.3026728799999994, -1.952957099999999, 0.3197089800000015]",,,,,
"[77.0, 'H', 1.8802673300000023, 1.4402572799999973, -0.40474168000000077]","[109.0, 'O', 0.9832311200000028, -0.009514820000003255, -0.038208470000000716]","[110.0, 'H', 1.3321293900000022, -0.9317292900000034, -0.12074757999999974]",,,,,,,,,,
"[28.0, 'O', -1.0357924900000022, 1.2218046399999984, -2.2567709299999983]","[29.0, 'H', -0.6490298500000016, 0.8002384800000009, -1.4456040899999998]","[113.0, 'H', -0.6603119700000022, -0.7275547700000011, 0.16316237999999927]","[114.0, 'H', 0.9017745799999979, -0.38271072999999944, 0.1667390200000014]","[169.0, 'O', 0.747311609999997, 2.5365446899999995, 1.031082340000001]","[171.0, 'H', 0.49727101999999945, 1.6367438499999984, 0.7025697499999985]",,,,,,,
"[29.0, 'H', 0.011282120000000617, 1.527793250000002, -1.608766469999999]","[112.0, 'O', 0.6603119700000022, 0.7275547700000011, -0.16316237999999927]","[114.0, 'H', 1.56208655, 0.3448440400000017, 0.0035766400000021292]","[171.0, 'H', 1.1575829900000016, 2.3642986199999996, 0.5394073699999993]",,,,,,,,,
"[29.0, 'H', -1.5508044299999995, 1.1829492100000003, -1.6123431100000012]","[112.0, 'O', -0.9017745799999979, 0.38271072999999944, -0.1667390200000014]","[113.0, 'H', -1.56208655, -0.3448440400000017, -0.0035766400000021292]","[171.0, 'H', -0.40450355999999843, 2.019454579999998, 0.5358307299999971]",,,,,,,,,
"[61.0, 'O', -2.3496303600000026, -0.10032873000000109, -1.4142983900000026]","[63.0, 'H', -1.4790195500000003, -0.14229315000000042, -0.9158727000000013]","[92.0, 'H', 0.7923671899999967, 2.69837081, 0.49050420999999744]","[116.0, 'H', 0.12433538999999882, -0.9204147999999996, 0.37331430000000054]","[117.0, 'H', -0.19556591000000267, 0.5715998999999989, 0.7880809899999974]","[169.0, 'O', 2.7310297399999968, 0.08588635999999994, -0.57552673]","[170.0, 'H', 1.8367072100000001, 0.4222388300000013, -0.3233128100000009]","[171.0, 'H', 2.480989149999999, -0.8139144800000011, -0.9040393200000025]","[172.0, 'O', -0.09674878999999947, 1.8699340800000002, 2.0684685499999986]",,,,
"[63.0, 'H', -1.6033549399999991, 0.7781216499999992, -1.2891870000000019]","[86.0, 'H', 1.9272077100000011, -1.2712068800000011, 1.29588897]","[115.0, 'O', -0.12433538999999882, 0.9204147999999996, -0.37331430000000054]","[117.0, 'H', -0.3199013000000015, 1.4920146999999986, 0.4147666899999969]","[169.0, 'O', 2.606694349999998, 1.0063011599999996, -0.9488410300000005]","[170.0, 'H', 1.7123718200000013, 1.342653630000001, -0.6966271100000014]","[171.0, 'H', 2.3566537600000004, 0.10650031999999854, -1.277353620000003]",,,,,,
"[63.0, 'H', -1.2834536399999976, -0.7138930499999994, -1.7039536899999987]","[92.0, 'H', 0.9879330999999993, 2.126770910000001, -0.29757678]","[115.0, 'O', 0.19556591000000267, -0.5715998999999989, -0.7880809899999974]","[116.0, 'H', 0.3199013000000015, -1.4920146999999986, -0.4147666899999969]","[170.0, 'H', 2.032273120000003, -0.14936106999999765, -1.1113937999999983]","[172.0, 'O', 0.0988171200000032, 1.2983341800000012, 1.2803875600000012]","[173.0, 'H', 0.5620548099999993, 0.967787040000001, 2.0855018900000033]","[174.0, 'H', -0.7551172199999989, 1.669363630000003, 1.6156059500000026]",,,,,
"[37.0, 'O', -1.4922760600000018, -2.3499443199999988, 0.5672358899999992]","[119.0, 'H', 0.42478626999999847, -0.15679038000000034, -0.8933935800000015]","[120.0, 'H', -0.5282425000000011, -0.8179570200000015, 0.20245205999999882]",,,,,,,,,,
"[118.0, 'O', -0.42478626999999847, 0.15679038000000034, 0.8933935800000015]","[120.0, 'H', -0.9530287699999995, -0.6611666400000011, 1.0958456400000003]","[125.0, 'H', 0.6132671400000014, -2.3799252399999986, -1.684075]",,,,,,,,,,
"[37.0, 'O', -0.9640335600000007, -1.5319872999999973, 0.36478383000000036]","[38.0, 'H', -1.0920307699999974, -1.9798468499999977, -0.5187147700000025]","[39.0, 'H', -0.5940864700000006, -2.262109089999999, 0.9228856199999989]","[118.0, 'O', 0.5282425000000011, 0.8179570200000015, -0.20245205999999882]","[119.0, 'H', 0.9530287699999995, 0.6611666400000011, -1.0958456400000003]",,,,,,,,
"[33.0, 'H', 0.7537675999999998, 1.6669291599999987, -1.0871749900000012]","[52.0, 'O', 0.8583588199999994, -0.8499549699999989, -2.4527402800000004]","[53.0, 'H', 0.6699689199999987, -0.5095805700000007, -1.538993099999999]","[55.0, 'O', -2.6271404400000016, -0.1902380000000008, 0.6545772700000008]","[58.0, 'O', 0.554596329999999, 1.7894031199999993, 2.1537039999999976]","[122.0, 'H', 0.3221152699999976, 0.47654989000000114, 0.8034624999999984]","[123.0, 'H', -0.9492813800000022, -0.21035030999999904, 0.23473824999999948]","[189.0, 'H', -1.8926752100000002, 1.4512334100000004, -0.892809500000002]",,,,,
"[33.0, 'H', 0.43165233000000214, 1.1903792699999975, -1.8906374899999996]","[53.0, 'H', 0.3478536500000011, -0.9861304600000018, -2.3424555999999974]","[58.0, 'O', 0.23248106000000135, 1.3128532299999982, 1.3502414999999992]","[59.0, 'H', -0.30977384999999913, 1.2371444499999988, 2.160454980000001]","[60.0, 'H', -0.17366144000000006, 2.093019599999998, 0.8689840000000011]","[71.0, 'H', 1.8021109900000027, 0.8679200199999997, 1.8960113599999993]","[121.0, 'O', -0.3221152699999976, -0.47654989000000114, -0.8034624999999984]","[123.0, 'H', -1.2713966499999998, -0.6869002000000002, -0.5687242499999989]","[189.0, 'H', -2.214790479999998, 0.9746835199999992, -1.6962720000000004]",,,,
"[33.0, 'H', 1.703048980000002, 1.8772794699999977, -1.3219132400000007]","[53.0, 'H', 1.619250300000001, -0.29923026000000164, -1.7737313499999985]","[55.0, 'O', -1.6778590599999994, 0.020112309999998246, 0.4198390200000013]","[56.0, 'H', -2.0534610099999995, -0.36274064000000195, 1.2507345799999996]","[57.0, 'H', -2.3980831999999985, -0.0537107600000013, -0.25992186999999944]","[121.0, 'O', 0.9492813800000022, 0.21035030999999904, -0.23473824999999948]","[122.0, 'H', 1.2713966499999998, 0.6869002000000002, 0.5687242499999989]","[189.0, 'H', -0.943393829999998, 1.6615837199999994, -1.1275477500000015]",,,,,
"[35.0, 'H', 1.08325842, -0.5421367600000018, -2.1092448200000007]","[103.0, 'O', -2.728992350000002, -0.19350153999999975, 0.4726696699999984]","[125.0, 'H', 0.1851444399999984, 0.9354060400000002, -0.23322972000000064]","[126.0, 'H', -0.9891959999999997, -0.04387914000000137, 0.11554617000000178]","[136.0, 'O', 0.09970436999999777, -2.82722034, -0.28448088000000027]","[138.0, 'H', 0.1946720899999974, -1.8484602199999998, -0.2692310400000011]",,,,,,,
"[35.0, 'H', 0.8981139800000015, -1.477542800000002, -1.8760151]","[119.0, 'H', -0.6132671400000014, 2.3799252399999986, 1.684075]","[124.0, 'O', -0.1851444399999984, -0.9354060400000002, 0.23322972000000064]","[126.0, 'H', -1.1743404399999982, -0.9792851800000015, 0.3487758900000024]","[138.0, 'H', 0.009527649999999, -2.78386626, -0.03600132000000045]",,,,,,,,
"[38.0, 'H', -1.4839862400000001, 0.7181969300000013, 1.9124299799999953]","[103.0, 'O', -1.7397963500000024, -0.14962239999999838, 0.3571234999999966]","[104.0, 'H', -2.247078270000003, -0.8880322899999982, 0.7907386899999977]","[105.0, 'H', -2.443991180000001, 0.4469149899999998, -0.00422156000000129]","[124.0, 'O', 0.9891959999999997, 0.04387914000000137, -0.11554617000000178]","[125.0, 'H', 1.1743404399999982, 0.9792851800000015, -0.3487758900000024]","[138.0, 'H', 1.1838680899999972, -1.8045810799999984, -0.38477721000000287]",,,,,,
"[128.0, 'H', 0.5976720499999999, 0.6772397900000016, -0.3607866200000025]","[129.0, 'H', 0.5753616600000022, -0.5255786899999997, 0.5886841300000007]",,,,,,,,,,,
"[110.0, 'H', 1.1634763800000023, 1.9764981999999982, -1.6993764399999982]","[127.0, 'O', -0.5976720499999999, -0.6772397900000016, 0.3607866200000025]","[129.0, 'H', -0.022310389999997682, -1.2028184800000012, 0.9494707500000032]","[159.0, 'H', 2.4661492600000017, 0.023541099999999204, -1.3796674599999967]",,,,,,,,,
"[108.0, 'H', 2.6977952700000003, 0.008119499999999391, -0.2725504100000009]","[127.0, 'O', -0.5753616600000022, 0.5255786899999997, -0.5886841300000007]","[128.0, 'H', 0.022310389999997682, 1.2028184800000012, -0.9494707500000032]",,,,,,,,,,
"[1.0, 'O', 1.518815889999999, 0.6581776400000017, -2.0718119799999997]","[131.0, 'H', 0.47807316999999827, 0.21832911999999993, -0.8474025800000007]","[132.0, 'H', 0.28290018999999944, 0.7526960100000011, 0.5835517299999999]",,,,,,,,,,
"[1.0, 'O', 1.0407427200000008, 0.43984852000000174, -1.224409399999999]","[2.0, 'H', 1.5274256900000012, -0.38620870999999823, -1.5341224199999992]","[3.0, 'H', 0.9830493900000015, 1.0554963700000002, -1.9750188400000006]","[130.0, 'O', -0.47807316999999827, -0.21832911999999993, 0.8474025800000007]","[132.0, 'H', -0.19517297999999883, 0.5343668900000011, 1.4309543100000006]",,,,,,,,
"[1.0, 'O', 1.2359156999999996, -0.09451836999999941, -2.6553637099999996]","[130.0, 'O', -0.28290018999999944, -0.7526960100000011, -0.5835517299999999]","[131.0, 'H', 0.19517297999999883, -0.5343668900000011, -1.4309543100000006]",,,,,,,,,,
"[134.0, 'H', -0.27324210000000093, 0.8608776999999996, 0.4322965500000002]","[135.0, 'H', 0.8531962600000007, -0.33398797999999985, 0.37505801000000005]",,,,,,,,,,,
"[133.0, 'O', 0.27324210000000093, -0.8608776999999996, -0.4322965500000002]","[135.0, 'H', 1.1264383600000016, -1.1948656799999995, -0.05723854000000017]","[192.0, 'H', 0.5254194699999992, 2.8441978699999986, 0.6829576599999996]",,,,,,,,,,
"[133.0, 'O', -0.8531962600000007, 0.33398797999999985, -0.37505801000000005]","[134.0, 'H', -1.1264383600000016, 1.1948656799999995, 0.05723854000000017]",,,,,,,,,,,
"[91.0, 'O', -1.6996848599999979, -0.7469161600000014, -1.970234399999999]","[93.0, 'H', -1.1001352400000002, -0.4495444400000004, -1.2270594899999985]","[94.0, 'O', -0.10900549999999853, -0.5698204500000017, 2.632426540000001]","[95.0, 'H', 0.8597974900000018, -0.3586846900000005, 2.751482890000002]","[124.0, 'O', -0.09970436999999777, 2.82722034, 0.28448088000000027]","[137.0, 'H', -0.1808183399999983, -0.2283912600000022, 0.960208810000001]","[138.0, 'H', 0.09496771999999964, 0.9787601200000005, 0.015249839999999182]",,,,,,
"[24.0, 'H', -0.7599415200000017, -2.3347355400000005, 1.5049087700000001]","[93.0, 'H', -0.9193169000000019, -0.22115317999999817, -2.1872682999999995]","[94.0, 'O', 0.07181283999999977, -0.3414291899999995, 1.6722177299999998]","[95.0, 'H', 1.0406158300000001, -0.13029342999999827, 1.7912740800000009]","[96.0, 'H', -0.3800429600000008, 0.3167248100000002, 2.2537467199999988]","[136.0, 'O', 0.1808183399999983, 0.2283912600000022, -0.960208810000001]","[138.0, 'H', 0.27578605999999795, 1.2071513800000027, -0.9449589700000018]",,,,,,
"[35.0, 'H', 0.8885863300000025, 1.306323459999998, -1.8400137799999996]","[93.0, 'H', -1.1951029599999998, -1.4283045600000008, -1.2423093299999977]","[124.0, 'O', -0.1946720899999974, 1.8484602199999998, 0.2692310400000011]","[125.0, 'H', -0.009527649999999, 2.78386626, 0.03600132000000045]","[126.0, 'H', -1.1838680899999972, 1.8045810799999984, 0.38477721000000287]","[136.0, 'O', -0.09496771999999964, -0.9787601200000005, -0.015249839999999182]","[137.0, 'H', -0.27578605999999795, -1.2071513800000027, 0.9449589700000018]",,,,,,
"[7.0, 'O', 0.5633169500000008, -2.7358499199999997, 0.3887678000000001]","[8.0, 'H', 0.5682056800000019, -1.7737945699999997, 0.173228739999999]","[10.0, 'O', 2.2598838000000008, 0.46704140000000294, -1.5063191700000012]","[11.0, 'H', 1.414765599999999, 0.41312963000000025, -0.9885185800000009]","[140.0, 'H', -0.2815300399999998, 0.4042317000000004, 0.8671176600000017]","[141.0, 'H', -0.7986666800000002, -0.039350559999999035, -0.5732244299999998]",,,,,,,
"[8.0, 'H', 0.8497357200000017, -2.17802627, -0.6938889200000027]","[11.0, 'H', 1.6962956399999989, 0.008897929999999832, -1.8556362400000026]","[139.0, 'O', 0.2815300399999998, -0.4042317000000004, -0.8671176600000017]","[141.0, 'H', -0.5171366400000004, -0.44358225999999945, -1.4403420900000015]",,,,,,,,,
"[8.0, 'H', 1.3668723600000021, -1.7344440100000007, 0.7464531699999988]","[11.0, 'H', 2.2134322799999993, 0.4524801899999993, -0.41529415000000114]","[139.0, 'O', 0.7986666800000002, 0.039350559999999035, 0.5732244299999998]","[140.0, 'H', 0.5171366400000004, 0.44358225999999945, 1.4403420900000015]",,,,,,,,,
"[67.0, 'O', 2.65176821, -1.1271823499999982, -0.6708884899999994]","[69.0, 'H', 1.9320608399999983, -1.0526629199999995, -1.332642749999998]","[143.0, 'H', 0.6726821299999983, 0.6086372600000018, 0.3934343200000008]","[144.0, 'H', -0.8368450200000019, 0.5102040599999995, -0.06616440999999895]","[157.0, 'O', 1.7071482600000003, 1.877545180000002, 1.22248583]",,,,,,,,
"[67.0, 'O', 1.9790860800000019, -1.73581961, -1.0643228100000002]","[69.0, 'H', 1.25937871, -1.6613001800000013, -1.7260770699999988]","[142.0, 'O', -0.6726821299999983, -0.6086372600000018, -0.3934343200000008]","[144.0, 'H', -1.5095271500000003, -0.09843320000000233, -0.45959872999999973]","[157.0, 'O', 1.034466130000002, 1.2689079200000002, 0.8290515099999993]","[158.0, 'H', 1.85958063, 1.6013866499999985, 0.3981959400000008]","[159.0, 'H', 1.3653582700000015, 0.7505039799999977, 1.6224666300000017]",,,,,,
"[56.0, 'H', -1.0326696099999992, 1.0822027399999996, -2.0223784699999996]","[142.0, 'O', 0.8368450200000019, -0.5102040599999995, 0.06616440999999895]","[143.0, 'H', 1.5095271500000003, 0.09843320000000233, 0.45959872999999973]",,,,,,,,,,
"[5.0, 'H', -0.5293237400000024, 0.3876030900000025, -2.472187080000001]","[70.0, 'O', -1.5996954199999998, -1.9834655199999993, -0.9363818399999992]","[72.0, 'H', -0.9329250000000009, -1.3013205199999973, -0.6541836500000002]","[91.0, 'O', 2.73131038, -0.8419547499999993, -0.45893455999999944]","[92.0, 'H', 2.297758929999997, -1.6262477299999993, -0.06238379000000194]","[146.0, 'H', -0.32458545000000427, 0.9554957799999997, -0.0026845400000006236]","[147.0, 'H', 0.9794906399999981, -0.01896812999999753, -0.1098340300000018]","[148.0, 'O', -1.2272009800000028, 2.3374291300000003, 0.10653223999999994]","[149.0, 'H', -2.1668105900000008, 2.05276658, 0.20173223000000107]","[174.0, 'H', 0.5547086099999987, -2.0836550099999975, 1.8507989400000007]","[175.0, 'O', -1.1201892000000022, -1.1332799099999988, 2.3623036999999982]","[177.0, 'H', -1.0113959900000005, -0.7549220899999973, 1.4614986300000012]",
"[5.0, 'H', -0.2047382899999981, -0.5678926899999972, -2.4695025400000006]","[72.0, 'H', -0.6083395499999966, -2.256816299999997, -0.6514991099999996]","[145.0, 'O', 0.32458545000000427, -0.9554957799999997, 0.0026845400000006236]","[147.0, 'H', 1.3040760900000024, -0.9744639099999972, -0.10714949000000118]","[148.0, 'O', -0.9026155299999985, 1.3819333500000006, 0.10921678000000057]","[149.0, 'H', -1.8422251399999965, 1.0972708000000004, 0.2044167700000017]","[150.0, 'H', -0.9104307199999973, 2.0818902500000007, -0.5960928999999986]","[177.0, 'H', -0.6868105399999962, -1.710417869999997, 1.4641831700000019]",,,,,
"[5.0, 'H', -1.5088143800000005, 0.40657122, -2.3623530499999994]","[72.0, 'H', -1.912415639999999, -1.2823523899999998, -0.5443496199999984]","[91.0, 'O', 1.751819740000002, -0.8229866200000018, -0.34910052999999763]","[92.0, 'H', 1.318268289999999, -1.6072796000000018, 0.047450239999999866]","[93.0, 'H', 2.3513693599999996, -0.5256149000000008, 0.39407438000000283]","[145.0, 'O', -0.9794906399999981, 0.01896812999999753, 0.1098340300000018]","[146.0, 'H', -1.3040760900000024, 0.9744639099999972, 0.10714949000000118]","[172.0, 'O', 0.42915231000000276, -2.4357163300000018, 1.625414580000001]","[174.0, 'H', -0.42478202999999937, -2.06468688, 1.9606329700000025]","[177.0, 'H', -1.9908866299999985, -0.7359539599999998, 1.571332660000003]",,,
"[46.0, 'O', 0.1059131200000003, 1.9822971500000008, -1.800120360000001]","[76.0, 'O', -2.7218885299999975, -0.738660969999998, 0.46958661000000035]","[105.0, 'H', 2.125304670000002, 0.7977884700000004, 1.8005730900000003]","[145.0, 'O', 1.2272009800000028, -2.3374291300000003, -0.10653223999999994]","[146.0, 'H', 0.9026155299999985, -1.3819333500000006, -0.10921678000000057]","[149.0, 'H', -0.939609609999998, -0.2846625500000002, 0.09519999000000112]","[150.0, 'H', -0.00781518999999875, 0.6999569000000001, -0.7053096799999992]","[183.0, 'H', 0.23007729000000054, 2.49637435, 1.4018656500000013]",,,,,
"[12.0, 'H', -1.7497599699999995, 0.6087547200000003, 1.7272259999999982]","[76.0, 'O', -1.7822789199999995, -0.4539984199999978, 0.3743866199999992]","[77.0, 'H', -2.1022517799999996, -1.35533298, 0.656678399999997]","[78.0, 'H', -2.535908120000002, -0.12558844999999863, -0.18767575000000036]","[145.0, 'O', 2.1668105900000008, -2.05276658, -0.20173223000000107]","[146.0, 'H', 1.8422251399999965, -1.0972708000000004, -0.2044167700000017]","[148.0, 'O', 0.939609609999998, 0.2846625500000002, -0.09519999000000112]","[150.0, 'H', 0.9317944199999992, 0.9846194500000003, -0.8005096700000003]",,,,,
"[27.0, 'H', 1.904054519999999, 0.9326089199999998, -1.03048772]","[46.0, 'O', 0.11372830999999906, 1.2823402500000007, -1.094810680000002]","[47.0, 'H', 0.08023633999999902, 1.02748257, -2.0495983100000004]","[48.0, 'H', -0.5847102299999989, 1.981281580000001, -0.9596400500000009]","[146.0, 'H', 0.9104307199999973, -2.0818902500000007, 0.5960928999999986]","[148.0, 'O', 0.00781518999999875, -0.6999569000000001, 0.7053096799999992]","[149.0, 'H', -0.9317944199999992, -0.9846194500000003, 0.8005096700000003]","[183.0, 'H', 0.2378924799999993, 1.7964174499999999, 2.1071753300000005]",,,,,
"[52.0, 'O', 1.4344682300000002, 2.1704759399999993, 0.28279301999999973]","[54.0, 'H', 0.8745492400000003, 1.3550282299999985, 0.21288260000000037]","[152.0, 'H', -0.9551339700000021, 0.08941856999999942, 0.31315112999999783]","[153.0, 'H', 0.16738236000000128, -0.9540396000000015, -0.08816050000000075]",,,,,,,,,
"[54.0, 'H', 1.8296832100000024, 1.265609659999999, -0.10026852999999747]","[151.0, 'O', 0.9551339700000021, -0.08941856999999942, -0.31315112999999783]","[153.0, 'H', 1.1225163300000034, -1.043458170000001, -0.4013116299999986]",,,,,,,,,,
"[54.0, 'H', 0.707166879999999, 2.30906783, 0.3010431000000011]","[151.0, 'O', -0.16738236000000128, 0.9540396000000015, 0.08816050000000075]","[152.0, 'H', -1.1225163300000034, 1.043458170000001, 0.4013116299999986]",,,,,,,,,,
"[10.0, 'O', -2.0618937200000005, 0.3875074500000011, -1.6995560900000015]","[155.0, 'H', -0.7508174500000031, 0.1250925099999982, -0.6469574300000005]","[156.0, 'H', 0.46600919999999846, 0.8811748399999999, 0.10046458000000058]","[178.0, 'O', 1.7049927899999986, -2.05276306, -0.56642832]","[179.0, 'H', 1.0637868200000007, -1.3094488099999992, -0.37849780999999894]",,,,,,,,
"[10.0, 'O', -1.3110762699999974, 0.26241494000000287, -1.052598660000001]","[11.0, 'H', -2.156194469999999, 0.20850317000000018, -0.5347980700000008]","[12.0, 'H', -1.3729801099999968, -0.4545235699999992, -1.7574722999999999]","[17.0, 'H', -0.7627739799999986, 1.6141190900000026, -1.99768422]","[154.0, 'O', 0.7508174500000031, -0.1250925099999982, 0.6469574300000005]","[156.0, 'H', 1.2168266500000016, 0.7560823300000017, 0.7474220100000011]","[179.0, 'H', 1.8146042700000038, -1.4345413199999975, 0.26845962000000156]",,,,,,
"[154.0, 'O', -0.46600919999999846, -0.8811748399999999, -0.10046458000000058]","[155.0, 'H', -1.2168266500000016, -0.7560823300000017, -0.7474220100000011]","[179.0, 'H', 0.5977776200000022, -2.190623649999999, -0.4789623899999995]","[181.0, 'O', 1.23631696, 0.8318172600000011, -2.5461387]","[182.0, 'H', 1.15353554, 1.152174800000001, -1.6053249600000008]",,,,,,,,
"[59.0, 'H', -0.5615790800000013, 2.001646909999998, -1.8325840599999985]","[70.0, 'O', 2.245724150000001, 1.1256406099999978, -1.6050804299999974]","[106.0, 'O', 0.9317907000000005, -1.5895112800000035, 1.9751243600000024]","[109.0, 'O', -1.3206790099999992, 2.3567676299999967, 0.5562452499999999]","[110.0, 'H', -0.9717807399999998, 1.4345531599999966, 0.4737061400000009]","[142.0, 'O', -1.7071482600000003, -1.877545180000002, -1.22248583]","[143.0, 'H', -1.034466130000002, -1.2689079200000002, -0.8290515099999993]","[158.0, 'H', 0.825114499999998, 0.3324787299999983, -0.4308555699999985]","[159.0, 'H', 0.33089213999999956, -0.5184039400000025, 0.7934151200000024]",,,,
"[58.0, 'O', -0.8444386699999988, 1.7448769599999991, -2.2119419700000016]","[59.0, 'H', -1.3866935799999993, 1.6691681799999998, -1.40172849]","[62.0, 'H', 1.902443230000003, -0.7045107599999945, -2.0332782400000013]","[70.0, 'O', 1.420609650000003, 0.7931618799999995, -1.174224859999999]","[71.0, 'H', 0.7251912600000026, 1.2999437500000006, -1.6661721100000015]","[72.0, 'H', 2.087380070000002, 1.4753068800000015, -0.8920266699999999]","[110.0, 'H', -1.7968952399999978, 1.1020744299999983, 0.9045617099999994]","[143.0, 'H', -1.85958063, -1.6013866499999985, -0.3981959400000008]","[157.0, 'O', -0.825114499999998, -0.3324787299999983, 0.4308555699999985]","[159.0, 'H', -0.4942223599999984, -0.8508826700000007, 1.2242706900000009]",,,
"[15.0, 'H', 0.8845669799999953, 2.155602730000002, 1.852273099999998]","[106.0, 'O', 0.600898560000001, -1.071107340000001, 1.18170924]","[107.0, 'H', 0.6597072600000011, -1.9740555299999976, 0.7454926200000003]","[108.0, 'H', 0.20933562000000094, -1.218240080000001, 2.056587799999999]","[110.0, 'H', -1.3026728799999994, 1.952957099999999, -0.3197089800000015]","[128.0, 'H', -2.4661492600000017, -0.023541099999999204, 1.3796674599999967]","[143.0, 'H', -1.3653582700000015, -0.7505039799999977, -1.6224666300000017]","[157.0, 'O', -0.33089213999999956, 0.5184039400000025, -0.7934151200000024]","[158.0, 'H', 0.4942223599999984, 0.8508826700000007, -1.2242706900000009]",,,,
"[4.0, 'O', -2.077523969999998, -1.6156231700000028, 0.2774173900000001]","[25.0, 'O', -0.28239357999999726, 1.7858216599999999, 2.062705870000002]","[26.0, 'H', -0.17075772999999828, 1.0859936099999992, 1.3526040200000011]","[64.0, 'O', 2.061108820000001, -1.522923930000001, 1.0235482100000013]","[74.0, 'H', -1.4420940699999996, 1.6021559100000005, -0.6079657199999993]","[161.0, 'H', -0.77751065, -0.6231580300000026, 0.11412642000000162]","[162.0, 'H', 0.7791955399999999, -0.5282460800000024, 0.3294216200000015]","[167.0, 'H', 0.3497444999999999, -1.0592996400000025, -2.6913760300000007]","[168.0, 'H', 1.5582109400000022, -0.3056785099999999, -2.0754032199999983]",,,,
"[4.0, 'O', -1.300013319999998, -0.9924651400000002, 0.16329096999999848]","[5.0, 'H', -1.6444140699999998, -0.8795612799999972, 1.0677646599999981]","[6.0, 'H', -0.8546471899999979, -1.8918837899999978, 0.16599322000000072]","[26.0, 'H', 0.6067529200000017, 1.7091516400000017, 1.2384775999999995]","[74.0, 'H', -0.6645834199999996, 2.225313940000003, -0.7220921400000009]","[160.0, 'O', 0.77751065, 0.6231580300000026, -0.11412642000000162]","[162.0, 'H', 1.5567061899999999, 0.09491195000000019, 0.2152951999999999]","[185.0, 'H', -0.8773777199999984, -1.1796299999999995, -2.0292585500000015]",,,,,
"[26.0, 'H', -0.9499532699999982, 1.6142396900000016, 1.0231823999999996]","[64.0, 'O', 1.2819132800000013, -0.9946778499999986, 0.6941265899999998]","[65.0, 'H', 0.8553804700000001, -1.55563055, 1.3941630499999995]","[66.0, 'H', 1.6698993800000004, -1.6321649299999983, 0.06631279999999862]","[160.0, 'O', -0.7791955399999999, 0.5282460800000024, -0.3294216200000015]","[161.0, 'H', -1.5567061899999999, -0.09491195000000019, -0.2152951999999999]","[168.0, 'H', 0.7790154000000022, 0.2225675700000025, -2.40482484]",,,,,,
"[58.0, 'O', 1.3950332299999992, -1.97706157, 1.3031161499999975]","[60.0, 'H', 0.9888907299999978, -1.1968952000000002, 0.8218586499999994]","[100.0, 'O', 1.487834539999998, 2.3382565500000005, -0.8513446699999996]","[102.0, 'H', 0.9658901499999999, 1.575147010000002, -0.500935290000001]","[164.0, 'H', -0.5248117500000014, -0.44649433000000016, -0.7219934000000023]","[165.0, 'H', -0.6432415700000007, 0.31184800000000124, 0.6779216499999983]","[187.0, 'O', -1.3162869199999996, -1.4082072799999992, -1.9807728000000004]",,,,,,
"[33.0, 'H', 2.1190162500000014, -1.6530412000000005, -1.215769439999999]","[60.0, 'H', 1.5137024799999992, -0.75040087, 1.5438520500000017]","[102.0, 'H', 1.4907019000000012, 2.021641340000002, 0.2210581100000013]","[163.0, 'O', 0.5248117500000014, 0.44649433000000016, 0.7219934000000023]","[165.0, 'H', -0.11842981999999935, 0.7583423300000014, 1.3999150500000006]","[187.0, 'O', -0.7914751699999982, -0.961712949999999, -1.258779399999998]","[188.0, 'H', -0.3291157300000016, -0.761219999999998, -2.1102454199999983]","[189.0, 'H', -0.5274265599999985, -1.8687369499999988, -1.0214039499999998]",,,,,
"[60.0, 'H', 1.6321322999999985, -1.5087432000000014, 0.1439370000000011]","[78.0, 'H', 1.2002998299999987, 0.6700189999999999, 2.613349930000002]","[102.0, 'H', 1.6091317200000006, 1.2632990100000008, -1.1788569399999993]","[163.0, 'O', 0.6432415700000007, -0.31184800000000124, -0.6779216499999983]","[164.0, 'H', 0.11842981999999935, -0.7583423300000014, -1.3999150500000006]",,,,,,,,
"[167.0, 'H', -0.7741275900000026, -0.577178810000003, 0.23762346999999906]","[168.0, 'H', 0.4343388499999996, 0.1764423199999996, 0.8535962800000014]","[184.0, 'O', -2.180819500000002, -1.5896382200000012, 0.28856619000000094]",,,,,,,,,,
"[160.0, 'O', -0.3497444999999999, 1.0592996400000025, 2.6913760300000007]","[166.0, 'O', 0.7741275900000026, 0.577178810000003, -0.23762346999999906]","[168.0, 'H', 1.2084664400000023, 0.7536211300000026, 0.6159728100000024]","[184.0, 'O', -1.4066919099999993, -1.0124594099999982, 0.050942720000001884]","[185.0, 'H', -2.0046328699999982, -0.7434883899999996, 0.7762439000000008]","[186.0, 'H', -1.5719909599999973, -1.9933776600000002, -0.08102285000000009]",,,,,,,
"[160.0, 'O', -1.5582109400000022, 0.3056785099999999, 2.0754032199999983]","[162.0, 'H', -0.7790154000000022, -0.2225675700000025, 2.40482484]","[166.0, 'O', -0.4343388499999996, -0.1764423199999996, -0.8535962800000014]","[167.0, 'H', -1.2084664400000023, -0.7536211300000026, -0.6159728100000024]",,,,,,,,,
"[112.0, 'O', -0.747311609999997, -2.5365446899999995, -1.031082340000001]","[115.0, 'O', -2.7310297399999968, -0.08588635999999994, 0.57552673]","[116.0, 'H', -2.606694349999998, -1.0063011599999996, 0.9488410300000005]","[170.0, 'H', -0.8943225299999966, 0.33635247000000135, 0.2522139199999991]","[171.0, 'H', -0.25004058999999756, -0.899800840000001, -0.32851259000000255]",,,,,,,,
"[92.0, 'H', -1.0443400200000035, 2.276131979999999, 0.8138170199999983]","[115.0, 'O', -1.8367072100000001, -0.4222388300000013, 0.3233128100000009]","[116.0, 'H', -1.7123718200000013, -1.342653630000001, 0.6966271100000014]","[117.0, 'H', -2.032273120000003, 0.14936106999999765, 1.1113937999999983]","[169.0, 'O', 0.8943225299999966, -0.33635247000000135, -0.2522139199999991]","[171.0, 'H', 0.644281939999999, -1.2361533100000024, -0.5807265100000016]",,,,,,,
"[29.0, 'H', -1.146300870000001, -0.8365053699999976, -2.1481738399999983]","[86.0, 'H', -0.42944604999999925, -1.3777071999999997, 2.573242590000003]","[112.0, 'O', -0.49727101999999945, -1.6367438499999984, -0.7025697499999985]","[113.0, 'H', -1.1575829900000016, -2.3642986199999996, -0.5394073699999993]","[114.0, 'H', 0.40450355999999843, -2.019454579999998, -0.5358307299999971]","[115.0, 'O', -2.480989149999999, 0.8139144800000011, 0.9040393200000025]","[116.0, 'H', -2.3566537600000004, -0.10650031999999854, 1.277353620000003]","[169.0, 'O', 0.25004058999999756, 0.899800840000001, 0.32851259000000255]","[170.0, 'H', -0.644281939999999, 1.2361533100000024, 0.5807265100000016]",,,,
"[22.0, 'O', 1.3271597799999988, -0.8353727199999987, 2.4433776199999997]","[91.0, 'O', 1.3226674299999992, 1.61272971, -1.9745151099999987]","[92.0, 'H', 0.8891159799999961, 0.82843673, -1.5779643400000012]","[93.0, 'H', 1.9222170499999969, 1.910101430000001, -1.2313401999999982]","[115.0, 'O', 0.09674878999999947, -1.8699340800000002, -2.0684685499999986]","[117.0, 'H', -0.0988171200000032, -1.2983341800000012, -1.2803875600000012]","[147.0, 'H', -0.42915231000000276, 2.4357163300000018, -1.625414580000001]","[173.0, 'H', 0.46323768999999615, -0.3305471400000002, 0.8051143300000021]","[174.0, 'H', -0.8539343400000021, 0.37102945000000176, 0.3352183900000014]","[175.0, 'O', -2.528832150000003, 1.3214045500000005, 0.846723149999999]","[177.0, 'H', -2.4200389400000013, 1.699762370000002, -0.05408191999999801]",,
"[22.0, 'O', 0.8639220900000026, -0.5048255799999986, 1.6382632899999976]","[23.0, 'H', 1.2415219500000028, -1.413662219999999, 1.6111461699999978]","[24.0, 'H', 1.618354740000001, 0.12706620999999885, 1.6557225399999993]","[92.0, 'H', 0.42587829, 1.1589838700000001, -2.3830786700000033]","[117.0, 'H', -0.5620548099999993, -0.967787040000001, -2.0855018900000033]","[172.0, 'O', -0.46323768999999615, 0.3305471400000002, -0.8051143300000021]","[174.0, 'H', -1.3171720299999983, 0.7015765900000019, -0.4698959400000007]","[191.0, 'H', -0.6051418299999973, -0.2570429499999989, 2.761066190000001]",,,,,
"[92.0, 'H', 1.7430503199999983, 0.4574072799999982, -1.9131827300000026]","[117.0, 'H', 0.7551172199999989, -1.669363630000003, -1.6156059500000026]","[145.0, 'O', -0.5547086099999987, 2.0836550099999975, -1.8507989400000007]","[147.0, 'H', 0.42478202999999937, 2.06468688, -1.9606329700000025]","[172.0, 'O', 0.8539343400000021, -0.37102945000000176, -0.3352183900000014]","[173.0, 'H', 1.3171720299999983, -0.7015765900000019, 0.4698959400000007]","[175.0, 'O', -1.674897810000001, 0.9503750999999987, 0.5115047599999976]","[176.0, 'H', -1.3116044900000006, 1.6902763199999988, 1.0792221300000016]","[177.0, 'H', -1.5661045999999992, 1.3287329200000002, -0.3893003099999994]",,,,
"[13.0, 'O', -2.263144269999998, -0.37179206000000065, 1.599103460000002]","[15.0, 'H', -1.5097712500000036, -0.33862742999999895, 0.9520831100000002]","[145.0, 'O', 1.1201892000000022, 1.1332799099999988, -2.3623036999999982]","[172.0, 'O', 2.528832150000003, -1.3214045500000005, -0.846723149999999]","[174.0, 'H', 1.674897810000001, -0.9503750999999987, -0.5115047599999976]","[176.0, 'H', 0.36329332000000036, 0.7399012200000001, 0.567717370000004]","[177.0, 'H', 0.10879321000000175, 0.3783578200000015, -0.900805069999997]","[178.0, 'O', 1.0324089900000004, 2.07146921, 1.4046559400000014]",,,,,
"[15.0, 'H', -1.873064570000004, -1.078528649999999, 0.38436573999999624]","[104.0, 'H', 1.8519124799999993, 2.1936490100000015, -0.22795549000000292]","[174.0, 'H', 1.3116044900000006, -1.6902763199999988, -1.0792221300000016]","[175.0, 'O', -0.36329332000000036, -0.7399012200000001, -0.567717370000004]","[177.0, 'H', -0.2545001099999986, -0.3615433999999986, -1.468522440000001]","[178.0, 'O', 0.66911567, 1.33156799, 0.8369385699999974]","[179.0, 'H', 0.027909700000002147, 2.074882240000001, 1.0248690799999984]","[180.0, 'H', 0.9769876500000017, 0.9902441300000007, 1.7182771799999976]",,,,,
"[15.0, 'H', -1.6185644600000053, -0.7169852500000005, 1.8528881799999972]","[70.0, 'O', -0.5882994299999993, -1.228543430000002, -2.3978804700000005]","[72.0, 'H', 0.07847098999999957, -0.54639843, -2.1156822800000015]","[145.0, 'O', 1.0113959900000005, 0.7549220899999973, -1.4614986300000012]","[146.0, 'H', 0.6868105399999962, 1.710417869999997, -1.4641831700000019]","[147.0, 'H', 1.9908866299999985, 0.7359539599999998, -1.571332660000003]","[172.0, 'O', 2.4200389400000013, -1.699762370000002, 0.05408191999999801]","[174.0, 'H', 1.5661045999999992, -1.3287329200000002, 0.3893003099999994]","[175.0, 'O', -0.10879321000000175, -0.3783578200000015, 0.900805069999997]","[176.0, 'H', 0.2545001099999986, 0.3615433999999986, 1.468522440000001]",,,
"[103.0, 'O', 1.6900787299999998, 1.6004909100000013, -1.4985092500000015]","[104.0, 'H', 1.1827968099999993, 0.8620810200000015, -1.0648940600000003]","[154.0, 'O', -1.7049927899999986, 2.05276306, 0.56642832]","[175.0, 'O', -1.0324089900000004, -2.07146921, -1.4046559400000014]","[176.0, 'H', -0.66911567, -1.33156799, -0.8369385699999974]","[179.0, 'H', -0.6412059699999979, 0.743314250000001, 0.18793051000000105]","[180.0, 'H', 0.3078719800000016, -0.34132385999999926, 0.8813386100000002]",,,,,,
"[104.0, 'H', 1.8240027799999972, 0.11876677000000058, -1.2528245700000014]","[105.0, 'H', 1.627089869999999, 1.4537140499999985, -2.0477848200000004]","[154.0, 'O', -1.0637868200000007, 1.3094488099999992, 0.37849780999999894]","[155.0, 'H', -1.8146042700000038, 1.4345413199999975, -0.26845962000000156]","[156.0, 'H', -0.5977776200000022, 2.190623649999999, 0.4789623899999995]","[176.0, 'H', -0.027909700000002147, -2.074882240000001, -1.0248690799999984]","[178.0, 'O', 0.6412059699999979, -0.743314250000001, -0.18793051000000105]","[180.0, 'H', 0.9490779499999995, -1.0846381100000002, 0.6934080999999992]",,,,,
"[104.0, 'H', 0.8749248299999977, 1.2034048800000008, -1.9462326700000006]","[176.0, 'H', -0.9769876500000017, -0.9902441300000007, -1.7182771799999976]","[178.0, 'O', -0.3078719800000016, 0.34132385999999926, -0.8813386100000002]","[179.0, 'H', -0.9490779499999995, 1.0846381100000002, -0.6934080999999992]",,,,,,,,,
"[16.0, 'O', -2.6309761199999997, 0.7447991599999995, -0.5617321299999993]","[49.0, 'O', 1.9819808499999994, 0.9357088899999972, -1.4084872600000011]","[50.0, 'H', 2.041334410000001, 0.20604670999999897, -2.063651010000001]","[51.0, 'H', 1.2024924000000006, 0.666177789999999, -0.8206691399999997]","[103.0, 'O', 1.69274536, -2.16526425, 0.3807365499999982]","[105.0, 'H', 0.9885505300000013, -1.5687268600000017, 0.01939149000000029]","[156.0, 'H', -1.23631696, -0.8318172600000011, 2.5461387]","[182.0, 'H', -0.08278141999999988, 0.32035753999999983, 0.9408137399999994]","[183.0, 'H', -0.9066768500000002, 0.12985901999999783, -0.37931594999999874]",,,,
"[16.0, 'O', -2.5481947, 0.42444161999999963, -1.5025458699999987]","[38.0, 'H', 2.031336890000002, -1.61780246, 0.9952292899999975]","[51.0, 'H', 1.2852738200000005, 0.34582024999999916, -1.761482879999999]","[105.0, 'H', 1.0713319500000011, -1.8890844000000016, -0.9214222499999991]","[156.0, 'H', -1.15353554, -1.152174800000001, 1.6053249600000008]","[181.0, 'O', 0.08278141999999988, -0.32035753999999983, -0.9408137399999994]","[183.0, 'H', -0.8238954300000003, -0.190498520000002, -1.3201296899999981]",,,,,,
"[16.0, 'O', -1.7242992699999995, 0.6149401400000016, -0.1824161800000006]","[17.0, 'H', -2.30924074, -0.10363951999999799, 0.18034841999999784]","[18.0, 'H', -2.0052612299999986, 0.854743580000001, -1.101689290000003]","[51.0, 'H', 2.1091692500000008, 0.5363187700000012, -0.44135319000000095]","[105.0, 'H', 1.8952273800000015, -1.6985858799999995, 0.398707439999999]","[148.0, 'O', -0.23007729000000054, -2.49637435, -1.4018656500000013]","[150.0, 'H', -0.2378924799999993, -1.7964174499999999, -2.1071753300000005]","[181.0, 'O', 0.9066768500000002, -0.12985901999999783, 0.37931594999999874]","[182.0, 'H', 0.8238954300000003, 0.190498520000002, 1.3201296899999981]",,,,
"[166.0, 'O', 2.180819500000002, 1.5896382200000012, -0.28856619000000094]","[167.0, 'H', 1.4066919099999993, 1.0124594099999982, -0.050942720000001884]","[185.0, 'H', -0.597940959999999, 0.2689710199999986, 0.7253011799999989]","[186.0, 'H', -0.165299049999998, -0.980918250000002, -0.13196557000000197]",,,,,,,,,
"[4.0, 'O', -0.42263559999999956, 0.18716485999999932, 2.19254952]","[6.0, 'H', 0.02273053000000047, -0.7122537899999983, 2.1952517700000023]","[79.0, 'O', -2.2095004399999993, 1.8887089100000019, -0.06681679000000074]","[80.0, 'H', -2.5593141700000004, 0.9601592100000005, -0.008235580000000908]","[88.0, 'O', 0.8007403099999983, -2.1641581899999984, 1.9051709000000017]","[90.0, 'H', 0.32059302000000045, -2.6430557499999985, 1.2025198199999991]","[161.0, 'H', 0.8773777199999984, 1.1796299999999995, 2.0292585500000015]","[167.0, 'H', 2.0046328699999982, 0.7434883899999996, -0.7762439000000008]","[184.0, 'O', 0.597940959999999, -0.2689710199999986, -0.7253011799999989]","[186.0, 'H', 0.43264191000000096, -1.2498892700000006, -0.8572667500000009]",,,
"[88.0, 'O', 0.3680983999999974, -0.9142689199999978, 2.7624376500000025]","[89.0, 'H', 1.2872115799999975, -0.9608400999999986, 2.41931031]","[90.0, 'H', -0.11204889000000051, -1.3931664799999979, 2.05978657]","[167.0, 'H', 1.5719909599999973, 1.9933776600000002, 0.08102285000000009]","[184.0, 'O', 0.165299049999998, 0.980918250000002, 0.13196557000000197]","[185.0, 'H', -0.43264191000000096, 1.2498892700000006, 0.8572667500000009]",,,,,,,
"[33.0, 'H', 2.9104914199999996, -0.6913282500000015, 0.043009959999999126]","[163.0, 'O', 1.3162869199999996, 1.4082072799999992, 1.9807728000000004]","[164.0, 'H', 0.7914751699999982, 0.961712949999999, 1.258779399999998]","[188.0, 'H', 0.4623594399999966, 0.200492950000001, -0.8514660200000002]","[189.0, 'H', 0.2640486099999997, -0.9070239999999998, 0.23737544999999827]",,,,,,,,
"[33.0, 'H', 2.448131980000003, -0.8918212000000025, 0.8944759799999993]","[164.0, 'H', 0.3291157300000016, 0.761219999999998, 2.1102454199999983]","[187.0, 'O', -0.4623594399999966, -0.200492950000001, 0.8514660200000002]","[189.0, 'H', -0.19831082999999694, -1.1075169500000008, 1.0888414699999984]",,,,,,,,,
"[33.0, 'H', 2.64644281, 0.2156957499999983, -0.19436548999999914]","[55.0, 'O', -0.7344652300000014, -1.6414714100000012, 1.5473867700000028]","[57.0, 'H', -1.4546893700000005, -1.7152944800000007, 0.8676258800000021]","[121.0, 'O', 1.8926752100000002, -1.4512334100000004, 0.892809500000002]","[122.0, 'H', 2.214790479999998, -0.9746835199999992, 1.6962720000000004]","[123.0, 'H', 0.943393829999998, -1.6615837199999994, 1.1275477500000015]","[164.0, 'H', 0.5274265599999985, 1.8687369499999988, 1.0214039499999998]","[187.0, 'O', -0.2640486099999997, 0.9070239999999998, -0.23737544999999827]","[188.0, 'H', 0.19831082999999694, 1.1075169500000008, -1.0888414699999984]",,,,
"[22.0, 'O', 2.16572944, -0.4657753999999983, -1.783730300000002]","[191.0, 'H', 0.6966655199999998, -0.21799276999999861, -0.6609273999999985]","[192.0, 'H', -0.6889453300000028, -0.7113166399999997, -0.10690950000000043]",,,,,,,,,,
"[22.0, 'O', 1.46906392, -0.24778262999999967, -1.1228029000000035]","[23.0, 'H', 1.84666378, -1.1566192700000002, -1.1499200200000033]","[24.0, 'H', 2.2234965699999982, 0.38410915999999773, -1.1053436500000018]","[173.0, 'H', 0.6051418299999973, 0.2570429499999989, -2.761066190000001]","[190.0, 'O', -0.6966655199999998, 0.21799276999999861, 0.6609273999999985]","[192.0, 'H', -1.3856108500000026, -0.4933238700000011, 0.5540178999999981]",,,,,,,
"[134.0, 'H', -0.5254194699999992, -2.8441978699999986, -0.6829576599999996]","[190.0, 'O', 0.6889453300000028, 0.7113166399999997, 0.10690950000000043]","[191.0, 'H', 1.3856108500000026, 0.4933238700000011, -0.5540178999999981]",,,,,,,,,,
